month,employee_code,branch,cost_center,component_code,component_label,bill_amount,hrms_amount,diff
2026-05,MAS38964,"HEAD OFFICE","BSS/BLD/CORP/796",TOTAL_DED,"Total Deduction",0,15280,15280
2026-05,MAS55833,"HEAD OFFICE","BSS/BLD/CORP/796",TOTAL_DED,"Total Deduction",0,564,564
2026-05,MAS00175,"HEAD OFFICE","FINANCE/ACCOUNTS",TOTAL_DED,"Total Deduction",0,4164,4164
2026-05,MAS00176,"HEAD OFFICE","FINANCE/ACCOUNTS",TOTAL_DED,"Total Deduction",0,5160,5160
2026-05,MAS00182,"HEAD OFFICE","FINANCE/ACCOUNTS",TOTAL_DED,"Total Deduction",0,3600,3600
2026-05,MAS08107,"HEAD OFFICE","FINANCE/ACCOUNTS",TOTAL_DED,"Total Deduction",0,1260,1260
2026-05,MAS47905,"HEAD OFFICE","IT/SYSTEM",TOTAL_DED,"Total Deduction",0,16372,16372
2026-05,MAS00001,"HEAD OFFICE","MANAGEMENT-CORPORATE",TOTAL_DED,"Total Deduction",0,32800,32800
2026-05,MAS00183,"HEAD OFFICE","MANAGEMENT-CORPORATE",TOTAL_DED,"Total Deduction",0,6000,6000
2026-05,MAS07197,"HEAD OFFICE","MANAGEMENT-CORPORATE",TOTAL_DED,"Total Deduction",0,6202,6202
2026-05,MAS59445,"HEAD OFFICE","MANAGEMENT-CORPORATE",TOTAL_DED,"Total Deduction",0,44360,44360
2026-05,MAS57432,"NOIDA-2","BSS/OB/NOIDA-2/927",TOTAL_DED,"Total Deduction",0,968,968
2026-05,MAS60235,"NOIDA-2","BSS/OB/NOIDA-2/927",TOTAL_DED,"Total Deduction",0,953,953
2026-05,MAS60636,"NOIDA-2","BSS/OB/NOIDA-2/927",TOTAL_DED,"Total Deduction",0,953,953
2026-05,MAS61778,"NOIDA-2","BSS/OB/NOIDA-2/927",TOTAL_DED,"Total Deduction",0,953,953
2026-05,MAS62045,"NOIDA-2","BSS/OB/NOIDA-2/927",TOTAL_DED,"Total Deduction",0,906,906
2026-05,MAS62054,"NOIDA-2","BSS/OB/NOIDA-2/927",TOTAL_DED,"Total Deduction",0,892,892
2026-05,MAS62415,"NOIDA-2","BSS/OB/NOIDA-2/927",TOTAL_DED,"Total Deduction",0,761,761
2026-05,MAS51531,"NOIDA-2","BSS/OB/NOIDA-2/972",TOTAL_DED,"Total Deduction",0,1200,1200
2026-05,MAS38040,"NOIDA-2","BSS/OB/NOIDA-2/1015",TOTAL_DED,"Total Deduction",0,2400,2400
2026-05,MAS62196,"NOIDA-2","BSS/OB/NOIDA-2/1015",TOTAL_DED,"Total Deduction",0,1250,1250
2026-05,MAS62197,"NOIDA-2","BSS/OB/NOIDA-2/1015",TOTAL_DED,"Total Deduction",0,948,948
2026-05,MAS62199,"NOIDA-2","BSS/OB/NOIDA-2/1015",TOTAL_DED,"Total Deduction",0,1250,1250
2026-05,MAS62257,"NOIDA-2","BSS/OB/NOIDA-2/1015",TOTAL_DED,"Total Deduction",0,1336,1336
2026-05,MAS62259,"NOIDA-2","BSS/OB/NOIDA-2/1015",TOTAL_DED,"Total Deduction",0,926,926
2026-05,MAS62260,"NOIDA-2","BSS/OB/NOIDA-2/1015",TOTAL_DED,"Total Deduction",0,1250,1250
2026-05,MAS62261,"NOIDA-2","BSS/OB/NOIDA-2/1015",TOTAL_DED,"Total Deduction",0,952,952
2026-05,MAS62262,"NOIDA-2","BSS/OB/NOIDA-2/1015",TOTAL_DED,"Total Deduction",0,1028,1028
2026-05,MAS62263,"NOIDA-2","BSS/OB/NOIDA-2/1015",TOTAL_DED,"Total Deduction",0,659,659
2026-05,MAS62264,"NOIDA-2","BSS/OB/NOIDA-2/1015",TOTAL_DED,"Total Deduction",0,1228,1228
2026-05,MAS62285,"NOIDA-2","BSS/OB/NOIDA-2/1015",TOTAL_DED,"Total Deduction",0,830,830
2026-05,MAS62357,"NOIDA-2","BSS/OB/NOIDA-2/1015",TOTAL_DED,"Total Deduction",0,1336,1336
2026-05,MAS62358,"NOIDA-2","BSS/OB/NOIDA-2/1015",TOTAL_DED,"Total Deduction",0,1336,1336
2026-05,MAS62359,"NOIDA-2","BSS/OB/NOIDA-2/1015",TOTAL_DED,"Total Deduction",0,1207,1207
2026-05,MAS62360,"NOIDA-2","BSS/OB/NOIDA-2/1015",TOTAL_DED,"Total Deduction",0,1207,1207
2026-05,MAS62361,"NOIDA-2","BSS/OB/NOIDA-2/1015",TOTAL_DED,"Total Deduction",0,1250,1250
2026-05,MAS62363,"NOIDA-2","BSS/OB/NOIDA-2/1015",TOTAL_DED,"Total Deduction",0,657,657
2026-05,MAS62366,"NOIDA-2","BSS/OB/NOIDA-2/1015",TOTAL_DED,"Total Deduction",0,277,277
2026-05,MAS62367,"NOIDA-2","BSS/OB/NOIDA-2/1015",TOTAL_DED,"Total Deduction",0,1336,1336
2026-05,MAS62368,"NOIDA-2","BSS/OB/NOIDA-2/1015",TOTAL_DED,"Total Deduction",0,1120,1120
2026-05,MAS62369,"NOIDA-2","BSS/OB/NOIDA-2/1015",TOTAL_DED,"Total Deduction",0,1142,1142
2026-05,MAS62466,"NOIDA-2","BSS/OB/NOIDA-2/1015",TOTAL_DED,"Total Deduction",0,761,761
2026-05,MAS62467,"NOIDA-2","BSS/OB/NOIDA-2/1015",TOTAL_DED,"Total Deduction",0,657,657
2026-05,MAS62468,"NOIDA-2","BSS/OB/NOIDA-2/1015",TOTAL_DED,"Total Deduction",0,761,761
2026-05,MAS62572,"NOIDA-2","BSS/OB/NOIDA-2/1015",TOTAL_DED,"Total Deduction",0,139,139
2026-05,MAS62573,"NOIDA-2","BSS/OB/NOIDA-2/1015",TOTAL_DED,"Total Deduction",0,312,312
2026-05,MAS62574,"NOIDA-2","BSS/OB/NOIDA-2/1015",TOTAL_DED,"Total Deduction",0,349,349
2026-05,MAS62575,"NOIDA-2","BSS/OB/NOIDA-2/1015",TOTAL_DED,"Total Deduction",0,349,349
2026-05,MAS62475,"NOIDA-2","BSS/OB/NOIDA-2/1015",TOTAL_DED,"Total Deduction",0,208,208
2026-05,MAS62477,"NOIDA-2","BSS/OB/NOIDA-2/1015",TOTAL_DED,"Total Deduction",0,485,485
2026-05,MAS08226,"NOIDA-2","BSS/BO/NOIDA-2/577",TOTAL_DED,"Total Deduction",0,2400,2400
2026-05,MAS36220,"NOIDA-2","BSS/BO/NOIDA-2/577",TOTAL_DED,"Total Deduction",0,4200,4200
2026-05,MAS45661,"NOIDA-2","BSS/BO/NOIDA-2/577",TOTAL_DED,"Total Deduction",0,1080,1080
2026-05,MAS47157,"NOIDA-2","BSS/BO/NOIDA-2/577",TOTAL_DED,"Total Deduction",0,2640,2640
2026-05,MAS47327,"NOIDA-2","BSS/BO/NOIDA-2/577",TOTAL_DED,"Total Deduction",0,1891,1891
2026-05,MAS47451,"NOIDA-2","BSS/BO/NOIDA-2/577",TOTAL_DED,"Total Deduction",0,1950,1950
2026-05,MAS47624,"NOIDA-2","BSS/BO/NOIDA-2/577",TOTAL_DED,"Total Deduction",0,1944,1944
2026-05,MAS47814,"NOIDA-2","BSS/BO/NOIDA-2/577",TOTAL_DED,"Total Deduction",0,5880,5880
2026-05,MAS47827,"NOIDA-2","BSS/BO/NOIDA-2/577",TOTAL_DED,"Total Deduction",0,2040,2040
2026-05,MAS47832,"NOIDA-2","BSS/BO/NOIDA-2/577",TOTAL_DED,"Total Deduction",0,1992,1992
2026-05,MAS47962,"NOIDA-2","BSS/BO/NOIDA-2/577",TOTAL_DED,"Total Deduction",0,1944,1944
2026-05,MAS48068,"NOIDA-2","BSS/BO/NOIDA-2/577",TOTAL_DED,"Total Deduction",0,1860,1860
2026-05,MAS48209,"NOIDA-2","BSS/BO/NOIDA-2/577",TOTAL_DED,"Total Deduction",0,1716,1716
2026-05,MAS48261,"NOIDA-2","BSS/BO/NOIDA-2/577",TOTAL_DED,"Total Deduction",0,1272,1272
2026-05,MAS48447,"NOIDA-2","BSS/BO/NOIDA-2/577",TOTAL_DED,"Total Deduction",0,10380,10380
2026-05,MAS48548,"NOIDA-2","BSS/BO/NOIDA-2/577",TOTAL_DED,"Total Deduction",0,1632,1632
2026-05,MAS48555,"NOIDA-2","BSS/BO/NOIDA-2/577",TOTAL_DED,"Total Deduction",0,1224,1224
2026-05,MAS48651,"NOIDA-2","BSS/BO/NOIDA-2/577",TOTAL_DED,"Total Deduction",0,1620,1620
2026-05,MAS48828,"NOIDA-2","BSS/BO/NOIDA-2/577",TOTAL_DED,"Total Deduction",0,1128,1128
2026-05,MAS48858,"NOIDA-2","BSS/BO/NOIDA-2/577",TOTAL_DED,"Total Deduction",0,1128,1128
2026-05,MAS48872,"NOIDA-2","BSS/BO/NOIDA-2/577",TOTAL_DED,"Total Deduction",0,1452,1452
2026-05,MAS49475,"NOIDA-2","BSS/BO/NOIDA-2/577",TOTAL_DED,"Total Deduction",0,1187,1187
2026-05,MAS49499,"NOIDA-2","BSS/BO/NOIDA-2/577",TOTAL_DED,"Total Deduction",0,1265,1265
2026-05,MAS49546,"NOIDA-2","BSS/BO/NOIDA-2/577",TOTAL_DED,"Total Deduction",0,1268,1268
2026-05,MAS49780,"NOIDA-2","BSS/BO/NOIDA-2/577",TOTAL_DED,"Total Deduction",0,1128,1128
2026-05,MAS49781,"NOIDA-2","BSS/BO/NOIDA-2/577",TOTAL_DED,"Total Deduction",0,1032,1032
2026-05,MAS50174,"NOIDA-2","BSS/BO/NOIDA-2/577",TOTAL_DED,"Total Deduction",0,1320,1320
2026-05,MAS50704,"NOIDA-2","BSS/BO/NOIDA-2/577",TOTAL_DED,"Total Deduction",0,1224,1224
2026-05,MAS50768,"NOIDA-2","BSS/BO/NOIDA-2/577",TOTAL_DED,"Total Deduction",0,3900,3900
2026-05,MAS51342,"NOIDA-2","BSS/BO/NOIDA-2/577",TOTAL_DED,"Total Deduction",0,1500,1500
2026-05,MAS51399,"NOIDA-2","BSS/BO/NOIDA-2/577",TOTAL_DED,"Total Deduction",0,1560,1560
2026-05,MAS51953,"NOIDA-2","BSS/BO/NOIDA-2/577",TOTAL_DED,"Total Deduction",0,1468,1468
2026-05,MAS53104,"NOIDA-2","BSS/BO/NOIDA-2/577",TOTAL_DED,"Total Deduction",0,603,603
2026-05,MAS53865,"NOIDA-2","BSS/BO/NOIDA-2/577",TOTAL_DED,"Total Deduction",0,512,512
2026-05,MAS54280,"NOIDA-2","BSS/BO/NOIDA-2/577",TOTAL_DED,"Total Deduction",0,547,547
2026-05,MAS54387,"NOIDA-2","BSS/BO/NOIDA-2/577",TOTAL_DED,"Total Deduction",0,599,599
2026-05,MAS54394,"NOIDA-2","BSS/BO/NOIDA-2/577",TOTAL_DED,"Total Deduction",0,503,503
2026-05,MAS54902,"NOIDA-2","BSS/BO/NOIDA-2/577",TOTAL_DED,"Total Deduction",0,582,582
2026-05,MAS54920,"NOIDA-2","BSS/BO/NOIDA-2/577",TOTAL_DED,"Total Deduction",0,582,582
2026-05,MAS56606,"NOIDA-2","BSS/BO/NOIDA-2/577",TOTAL_DED,"Total Deduction",0,494,494
2026-05,MAS56887,"NOIDA-2","BSS/BO/NOIDA-2/577",TOTAL_DED,"Total Deduction",0,1013,1013
2026-05,MAS57097,"NOIDA-2","BSS/BO/NOIDA-2/577",TOTAL_DED,"Total Deduction",0,1080,1080
2026-05,MAS57637,"NOIDA-2","BSS/BO/NOIDA-2/577",TOTAL_DED,"Total Deduction",0,1213,1213
2026-05,MAS58241,"NOIDA-2","BSS/BO/NOIDA-2/577",TOTAL_DED,"Total Deduction",0,1171,1171
2026-05,MAS58270,"NOIDA-2","BSS/BO/NOIDA-2/577",TOTAL_DED,"Total Deduction",0,1361,1361
2026-05,MAS61446,"NOIDA-2","BSS/BO/NOIDA-2/577",TOTAL_DED,"Total Deduction",0,564,564
2026-05,MAS48705,"NOIDA-2","BSS/BO/NOIDA-2/576",TOTAL_DED,"Total Deduction",0,1380,1380
2026-05,MAS48907,"NOIDA-2","BSS/BO/NOIDA-2/576",TOTAL_DED,"Total Deduction",0,1272,1272
2026-05,MAS49476,"NOIDA-2","BSS/BO/NOIDA-2/576",TOTAL_DED,"Total Deduction",0,1167,1167
2026-05,MAS49537,"NOIDA-2","BSS/BO/NOIDA-2/576",TOTAL_DED,"Total Deduction",0,1277,1277
2026-05,MAS50072,"NOIDA-2","BSS/BO/NOIDA-2/576",TOTAL_DED,"Total Deduction",0,539,539
2026-05,MAS50706,"NOIDA-2","BSS/BO/NOIDA-2/576",TOTAL_DED,"Total Deduction",0,1273,1273
2026-05,MAS51498,"NOIDA-2","BSS/BO/NOIDA-2/576",TOTAL_DED,"Total Deduction",0,1342,1342
2026-05,MAS51503,"NOIDA-2","BSS/BO/NOIDA-2/576",TOTAL_DED,"Total Deduction",0,1352,1352
2026-05,MAS51544,"NOIDA-2","BSS/BO/NOIDA-2/576",TOTAL_DED,"Total Deduction",0,1342,1342
2026-05,MAS51679,"NOIDA-2","BSS/BO/NOIDA-2/576",TOTAL_DED,"Total Deduction",0,1352,1352
2026-05,MAS52406,"NOIDA-2","BSS/BO/NOIDA-2/576",TOTAL_DED,"Total Deduction",0,195,195
2026-05,MAS52535,"NOIDA-2","BSS/BO/NOIDA-2/576",TOTAL_DED,"Total Deduction",0,412,412
2026-05,MAS52903,"NOIDA-2","BSS/BO/NOIDA-2/576",TOTAL_DED,"Total Deduction",0,507,507
2026-05,MAS53137,"NOIDA-2","BSS/BO/NOIDA-2/576",TOTAL_DED,"Total Deduction",0,508,508
2026-05,MAS53927,"NOIDA-2","BSS/BO/NOIDA-2/576",TOTAL_DED,"Total Deduction",0,503,503
2026-05,MAS53942,"NOIDA-2","BSS/BO/NOIDA-2/576",TOTAL_DED,"Total Deduction",0,1440,1440
2026-05,MAS53965,"NOIDA-2","BSS/BO/NOIDA-2/576",TOTAL_DED,"Total Deduction",0,501,501
2026-05,MAS54008,"NOIDA-2","BSS/BO/NOIDA-2/576",TOTAL_DED,"Total Deduction",0,373,373
2026-05,MAS54239,"NOIDA-2","BSS/BO/NOIDA-2/576",TOTAL_DED,"Total Deduction",0,425,425
2026-05,MAS54483,"NOIDA-2","BSS/BO/NOIDA-2/576",TOTAL_DED,"Total Deduction",0,471,471
2026-05,MAS54820,"NOIDA-2","BSS/BO/NOIDA-2/576",TOTAL_DED,"Total Deduction",0,507,507
2026-05,MAS54994,"NOIDA-2","BSS/BO/NOIDA-2/576",TOTAL_DED,"Total Deduction",0,509,509
2026-05,MAS55170,"NOIDA-2","BSS/BO/NOIDA-2/576",TOTAL_DED,"Total Deduction",0,433,433
2026-05,MAS55205,"NOIDA-2","BSS/BO/NOIDA-2/576",TOTAL_DED,"Total Deduction",0,509,509
2026-05,MAS55281,"NOIDA-2","BSS/BO/NOIDA-2/576",TOTAL_DED,"Total Deduction",0,507,507
2026-05,MAS55402,"NOIDA-2","BSS/BO/NOIDA-2/576",TOTAL_DED,"Total Deduction",0,494,494
2026-05,MAS55656,"NOIDA-2","BSS/BO/NOIDA-2/576",TOTAL_DED,"Total Deduction",0,494,494
2026-05,MAS55718,"NOIDA-2","BSS/BO/NOIDA-2/576",TOTAL_DED,"Total Deduction",0,494,494
2026-05,MAS56113,"NOIDA-2","BSS/BO/NOIDA-2/576",TOTAL_DED,"Total Deduction",0,399,399
2026-05,MAS56119,"NOIDA-2","BSS/BO/NOIDA-2/576",TOTAL_DED,"Total Deduction",0,494,494
2026-05,MAS56391,"NOIDA-2","BSS/BO/NOIDA-2/576",TOTAL_DED,"Total Deduction",0,462,462
2026-05,MAS56481,"NOIDA-2","BSS/BO/NOIDA-2/576",TOTAL_DED,"Total Deduction",0,494,494
2026-05,MAS56570,"NOIDA-2","BSS/BO/NOIDA-2/576",TOTAL_DED,"Total Deduction",0,494,494
2026-05,MAS57040,"NOIDA-2","BSS/BO/NOIDA-2/576",TOTAL_DED,"Total Deduction",0,1082,1082
2026-05,MAS57265,"NOIDA-2","BSS/BO/NOIDA-2/576",TOTAL_DED,"Total Deduction",0,1088,1088
2026-05,MAS57517,"NOIDA-2","BSS/BO/NOIDA-2/576",TOTAL_DED,"Total Deduction",0,1082,1082
2026-05,MAS57521,"NOIDA-2","BSS/BO/NOIDA-2/576",TOTAL_DED,"Total Deduction",0,1080,1080
2026-05,MAS57522,"NOIDA-2","BSS/BO/NOIDA-2/576",TOTAL_DED,"Total Deduction",0,1080,1080
2026-05,MAS57540,"NOIDA-2","BSS/BO/NOIDA-2/576",TOTAL_DED,"Total Deduction",0,998,998
2026-05,MAS57822,"NOIDA-2","BSS/BO/NOIDA-2/576",TOTAL_DED,"Total Deduction",0,731,731
2026-05,MAS58036,"NOIDA-2","BSS/BO/NOIDA-2/576",TOTAL_DED,"Total Deduction",0,734,734
2026-05,MAS58048,"NOIDA-2","BSS/BO/NOIDA-2/576",TOTAL_DED,"Total Deduction",0,1085,1085
2026-05,MAS58094,"NOIDA-2","BSS/BO/NOIDA-2/576",TOTAL_DED,"Total Deduction",0,1085,1085
2026-05,MAS58103,"NOIDA-2","BSS/BO/NOIDA-2/576",TOTAL_DED,"Total Deduction",0,1085,1085
2026-05,MAS58332,"NOIDA-2","BSS/BO/NOIDA-2/576",TOTAL_DED,"Total Deduction",0,1082,1082
2026-05,MAS58373,"NOIDA-2","BSS/BO/NOIDA-2/576",TOTAL_DED,"Total Deduction",0,1085,1085
2026-05,MAS58396,"NOIDA-2","BSS/BO/NOIDA-2/576",TOTAL_DED,"Total Deduction",0,1082,1082
2026-05,MAS58505,"NOIDA-2","BSS/BO/NOIDA-2/576",TOTAL_DED,"Total Deduction",0,998,998
2026-05,MAS58555,"NOIDA-2","BSS/BO/NOIDA-2/576",TOTAL_DED,"Total Deduction",0,1085,1085
2026-05,MAS58607,"NOIDA-2","BSS/BO/NOIDA-2/576",TOTAL_DED,"Total Deduction",0,1085,1085
2026-05,MAS58746,"NOIDA-2","BSS/BO/NOIDA-2/576",TOTAL_DED,"Total Deduction",0,998,998
2026-05,MAS58920,"NOIDA-2","BSS/BO/NOIDA-2/576",TOTAL_DED,"Total Deduction",0,1095,1095
2026-05,MAS58998,"NOIDA-2","BSS/BO/NOIDA-2/576",TOTAL_DED,"Total Deduction",0,809,809
2026-05,MAS59020,"NOIDA-2","BSS/BO/NOIDA-2/576",TOTAL_DED,"Total Deduction",0,977,977
2026-05,MAS59099,"NOIDA-2","BSS/BO/NOIDA-2/576",TOTAL_DED,"Total Deduction",0,1030,1030
2026-05,MAS59103,"NOIDA-2","BSS/BO/NOIDA-2/576",TOTAL_DED,"Total Deduction",0,1082,1082
2026-05,MAS59107,"NOIDA-2","BSS/BO/NOIDA-2/576",TOTAL_DED,"Total Deduction",0,1082,1082
2026-05,MAS59278,"NOIDA-2","BSS/BO/NOIDA-2/576",TOTAL_DED,"Total Deduction",0,1080,1080
2026-05,MAS59372,"NOIDA-2","BSS/BO/NOIDA-2/576",TOTAL_DED,"Total Deduction",0,1010,1010
2026-05,MAS59418,"NOIDA-2","BSS/BO/NOIDA-2/576",TOTAL_DED,"Total Deduction",0,645,645
2026-05,MAS59570,"NOIDA-2","BSS/BO/NOIDA-2/576",TOTAL_DED,"Total Deduction",0,507,507
2026-05,MAS59630,"NOIDA-2","BSS/BO/NOIDA-2/576",TOTAL_DED,"Total Deduction",0,536,536
2026-05,MAS59783,"NOIDA-2","BSS/BO/NOIDA-2/576",TOTAL_DED,"Total Deduction",0,1004,1004
2026-05,MAS59837,"NOIDA-2","BSS/BO/NOIDA-2/576",TOTAL_DED,"Total Deduction",0,1144,1144
2026-05,MAS59898,"NOIDA-2","BSS/BO/NOIDA-2/576",TOTAL_DED,"Total Deduction",0,1082,1082
2026-05,MAS59993,"NOIDA-2","BSS/BO/NOIDA-2/576",TOTAL_DED,"Total Deduction",0,1073,1073
2026-05,MAS60048,"NOIDA-2","BSS/BO/NOIDA-2/576",TOTAL_DED,"Total Deduction",0,675,675
2026-05,MAS60052,"NOIDA-2","BSS/BO/NOIDA-2/576",TOTAL_DED,"Total Deduction",0,1073,1073
2026-05,MAS60088,"NOIDA-2","BSS/BO/NOIDA-2/576",TOTAL_DED,"Total Deduction",0,1004,1004
2026-05,MAS60092,"NOIDA-2","BSS/BO/NOIDA-2/576",TOTAL_DED,"Total Deduction",0,1073,1073
2026-05,MAS60094,"NOIDA-2","BSS/BO/NOIDA-2/576",TOTAL_DED,"Total Deduction",0,1073,1073
2026-05,MAS60152,"NOIDA-2","BSS/BO/NOIDA-2/576",TOTAL_DED,"Total Deduction",0,987,987
2026-05,MAS60208,"NOIDA-2","BSS/BO/NOIDA-2/576",TOTAL_DED,"Total Deduction",0,865,865
2026-05,MAS60273,"NOIDA-2","BSS/BO/NOIDA-2/576",TOTAL_DED,"Total Deduction",0,1073,1073
2026-05,MAS60277,"NOIDA-2","BSS/BO/NOIDA-2/576",TOTAL_DED,"Total Deduction",0,623,623
2026-05,MAS60336,"NOIDA-2","BSS/BO/NOIDA-2/576",TOTAL_DED,"Total Deduction",0,1073,1073
2026-05,MAS60423,"NOIDA-2","BSS/BO/NOIDA-2/576",TOTAL_DED,"Total Deduction",0,553,553
2026-05,MAS60490,"NOIDA-2","BSS/BO/NOIDA-2/576",TOTAL_DED,"Total Deduction",0,1073,1073
2026-05,MAS60518,"NOIDA-2","BSS/BO/NOIDA-2/576",TOTAL_DED,"Total Deduction",0,761,761
2026-05,MAS60594,"NOIDA-2","BSS/BO/NOIDA-2/576",TOTAL_DED,"Total Deduction",0,830,830
2026-05,MAS60601,"NOIDA-2","BSS/BO/NOIDA-2/576",TOTAL_DED,"Total Deduction",0,1073,1073
2026-05,MAS60608,"NOIDA-2","BSS/BO/NOIDA-2/576",TOTAL_DED,"Total Deduction",0,1073,1073
2026-05,MAS60660,"NOIDA-2","BSS/BO/NOIDA-2/576",TOTAL_DED,"Total Deduction",0,1073,1073
2026-05,MAS60661,"NOIDA-2","BSS/BO/NOIDA-2/576",TOTAL_DED,"Total Deduction",0,969,969
2026-05,MAS60662,"NOIDA-2","BSS/BO/NOIDA-2/576",TOTAL_DED,"Total Deduction",0,1073,1073
2026-05,MAS60665,"NOIDA-2","BSS/BO/NOIDA-2/576",TOTAL_DED,"Total Deduction",0,1073,1073
2026-05,MAS60667,"NOIDA-2","BSS/BO/NOIDA-2/576",TOTAL_DED,"Total Deduction",0,779,779
2026-05,MAS60671,"NOIDA-2","BSS/BO/NOIDA-2/576",TOTAL_DED,"Total Deduction",0,1073,1073
2026-05,MAS60673,"NOIDA-2","BSS/BO/NOIDA-2/576",TOTAL_DED,"Total Deduction",0,865,865
2026-05,MAS60674,"NOIDA-2","BSS/BO/NOIDA-2/576",TOTAL_DED,"Total Deduction",0,1004,1004
2026-05,MAS60675,"NOIDA-2","BSS/BO/NOIDA-2/576",TOTAL_DED,"Total Deduction",0,1004,1004
2026-05,MAS60719,"NOIDA-2","BSS/BO/NOIDA-2/576",TOTAL_DED,"Total Deduction",0,1073,1073
2026-05,MAS60802,"NOIDA-2","BSS/BO/NOIDA-2/576",TOTAL_DED,"Total Deduction",0,796,796
2026-05,MAS60843,"NOIDA-2","BSS/BO/NOIDA-2/576",TOTAL_DED,"Total Deduction",0,606,606
2026-05,MAS60854,"NOIDA-2","BSS/BO/NOIDA-2/576",TOTAL_DED,"Total Deduction",0,1073,1073
2026-05,MAS60982,"NOIDA-2","BSS/BO/NOIDA-2/576",TOTAL_DED,"Total Deduction",0,969,969
2026-05,MAS60987,"NOIDA-2","BSS/BO/NOIDA-2/576",TOTAL_DED,"Total Deduction",0,1073,1073
2026-05,MAS60990,"NOIDA-2","BSS/BO/NOIDA-2/576",TOTAL_DED,"Total Deduction",0,1073,1073
2026-05,MAS60993,"NOIDA-2","BSS/BO/NOIDA-2/576",TOTAL_DED,"Total Deduction",0,1073,1073
2026-05,MAS61134,"NOIDA-2","BSS/BO/NOIDA-2/576",TOTAL_DED,"Total Deduction",0,761,761
2026-05,MAS61186,"NOIDA-2","BSS/BO/NOIDA-2/576",TOTAL_DED,"Total Deduction",0,865,865
2026-05,MAS61191,"NOIDA-2","BSS/BO/NOIDA-2/576",TOTAL_DED,"Total Deduction",0,1073,1073
2026-05,MAS61226,"NOIDA-2","BSS/BO/NOIDA-2/576",TOTAL_DED,"Total Deduction",0,883,883
2026-05,MAS61228,"NOIDA-2","BSS/BO/NOIDA-2/576",TOTAL_DED,"Total Deduction",0,848,848
2026-05,MAS61375,"NOIDA-2","BSS/BO/NOIDA-2/576",TOTAL_DED,"Total Deduction",0,1073,1073
2026-05,MAS61377,"NOIDA-2","BSS/BO/NOIDA-2/576",TOTAL_DED,"Total Deduction",0,1073,1073
2026-05,MAS61491,"NOIDA-2","BSS/BO/NOIDA-2/576",TOTAL_DED,"Total Deduction",0,796,796
2026-05,MAS61530,"NOIDA-2","BSS/BO/NOIDA-2/576",TOTAL_DED,"Total Deduction",0,918,918
2026-05,MAS61576,"NOIDA-2","BSS/BO/NOIDA-2/576",TOTAL_DED,"Total Deduction",0,588,588
2026-05,MAS61577,"NOIDA-2","BSS/BO/NOIDA-2/576",TOTAL_DED,"Total Deduction",0,969,969
2026-05,MAS61587,"NOIDA-2","BSS/BO/NOIDA-2/576",TOTAL_DED,"Total Deduction",0,606,606
2026-05,MAS61591,"NOIDA-2","BSS/BO/NOIDA-2/576",TOTAL_DED,"Total Deduction",0,744,744
2026-05,MAS61593,"NOIDA-2","BSS/BO/NOIDA-2/576",TOTAL_DED,"Total Deduction",0,623,623
2026-05,MAS61640,"NOIDA-2","BSS/BO/NOIDA-2/576",TOTAL_DED,"Total Deduction",0,553,553
2026-05,MAS61641,"NOIDA-2","BSS/BO/NOIDA-2/576",TOTAL_DED,"Total Deduction",0,900,900
2026-05,MAS61643,"NOIDA-2","BSS/BO/NOIDA-2/576",TOTAL_DED,"Total Deduction",0,830,830
2026-05,MAS61646,"NOIDA-2","BSS/BO/NOIDA-2/576",TOTAL_DED,"Total Deduction",0,918,918
2026-05,MAS61648,"NOIDA-2","BSS/BO/NOIDA-2/576",TOTAL_DED,"Total Deduction",0,761,761
2026-05,MAS61650,"NOIDA-2","BSS/BO/NOIDA-2/576",TOTAL_DED,"Total Deduction",0,623,623
2026-05,MAS61652,"NOIDA-2","BSS/BO/NOIDA-2/576",TOTAL_DED,"Total Deduction",0,1004,1004
2026-05,MAS61733,"NOIDA-2","BSS/BO/NOIDA-2/576",TOTAL_DED,"Total Deduction",0,918,918
2026-05,MAS61735,"NOIDA-2","BSS/BO/NOIDA-2/576",TOTAL_DED,"Total Deduction",0,1073,1073
2026-05,MAS61741,"NOIDA-2","BSS/BO/NOIDA-2/576",TOTAL_DED,"Total Deduction",0,969,969
2026-05,MAS61789,"NOIDA-2","BSS/BO/NOIDA-2/576",TOTAL_DED,"Total Deduction",0,900,900
2026-05,MAS61857,"NOIDA-2","BSS/BO/NOIDA-2/576",TOTAL_DED,"Total Deduction",0,1073,1073
2026-05,MAS61858,"NOIDA-2","BSS/BO/NOIDA-2/576",TOTAL_DED,"Total Deduction",0,744,744
2026-05,MAS61862,"NOIDA-2","BSS/BO/NOIDA-2/576",TOTAL_DED,"Total Deduction",0,640,640
2026-05,MAS61865,"NOIDA-2","BSS/BO/NOIDA-2/576",TOTAL_DED,"Total Deduction",0,35,35
2026-05,MAS61871,"NOIDA-2","BSS/BO/NOIDA-2/576",TOTAL_DED,"Total Deduction",0,900,900
2026-05,MAS61873,"NOIDA-2","BSS/BO/NOIDA-2/576",TOTAL_DED,"Total Deduction",0,588,588
2026-05,MAS61896,"NOIDA-2","BSS/BO/NOIDA-2/576",TOTAL_DED,"Total Deduction",0,744,744
2026-05,MAS61899,"NOIDA-2","BSS/BO/NOIDA-2/576",TOTAL_DED,"Total Deduction",0,657,657
2026-05,MAS61901,"NOIDA-2","BSS/BO/NOIDA-2/576",TOTAL_DED,"Total Deduction",0,883,883
2026-05,MAS61902,"NOIDA-2","BSS/BO/NOIDA-2/576",TOTAL_DED,"Total Deduction",0,1004,1004
2026-05,MAS61903,"NOIDA-2","BSS/BO/NOIDA-2/576",TOTAL_DED,"Total Deduction",0,1021,1021
2026-05,MAS61905,"NOIDA-2","BSS/BO/NOIDA-2/576",TOTAL_DED,"Total Deduction",0,969,969
2026-05,MAS61907,"NOIDA-2","BSS/BO/NOIDA-2/576",TOTAL_DED,"Total Deduction",0,1073,1073
2026-05,MAS61908,"NOIDA-2","BSS/BO/NOIDA-2/576",TOTAL_DED,"Total Deduction",0,1004,1004
2026-05,MAS61963,"NOIDA-2","BSS/BO/NOIDA-2/576",TOTAL_DED,"Total Deduction",0,969,969
2026-05,MAS61966,"NOIDA-2","BSS/BO/NOIDA-2/576",TOTAL_DED,"Total Deduction",0,883,883
2026-05,MAS61971,"NOIDA-2","BSS/BO/NOIDA-2/576",TOTAL_DED,"Total Deduction",0,1004,1004
2026-05,MAS61972,"NOIDA-2","BSS/BO/NOIDA-2/576",TOTAL_DED,"Total Deduction",0,1073,1073
2026-05,MAS61973,"NOIDA-2","BSS/BO/NOIDA-2/576",TOTAL_DED,"Total Deduction",0,969,969
2026-05,MAS61974,"NOIDA-2","BSS/BO/NOIDA-2/576",TOTAL_DED,"Total Deduction",0,918,918
2026-05,MAS61975,"NOIDA-2","BSS/BO/NOIDA-2/576",TOTAL_DED,"Total Deduction",0,1073,1073
2026-05,MAS61977,"NOIDA-2","BSS/BO/NOIDA-2/576",TOTAL_DED,"Total Deduction",0,623,623
2026-05,MAS61978,"NOIDA-2","BSS/BO/NOIDA-2/576",TOTAL_DED,"Total Deduction",0,1073,1073
2026-05,MAS62027,"NOIDA-2","BSS/BO/NOIDA-2/576",TOTAL_DED,"Total Deduction",0,485,485
2026-05,MAS62028,"NOIDA-2","BSS/BO/NOIDA-2/576",TOTAL_DED,"Total Deduction",0,1073,1073
2026-05,MAS62029,"NOIDA-2","BSS/BO/NOIDA-2/576",TOTAL_DED,"Total Deduction",0,865,865
2026-05,MAS62030,"NOIDA-2","BSS/BO/NOIDA-2/576",TOTAL_DED,"Total Deduction",0,416,416
2026-05,MAS62034,"NOIDA-2","BSS/BO/NOIDA-2/576",TOTAL_DED,"Total Deduction",0,969,969
2026-05,MAS62035,"NOIDA-2","BSS/BO/NOIDA-2/576",TOTAL_DED,"Total Deduction",0,1004,1004
2026-05,MAS62036,"NOIDA-2","BSS/BO/NOIDA-2/576",TOTAL_DED,"Total Deduction",0,623,623
2026-05,MAS62040,"NOIDA-2","BSS/BO/NOIDA-2/576",TOTAL_DED,"Total Deduction",0,1004,1004
2026-05,MAS62042,"NOIDA-2","BSS/BO/NOIDA-2/576",TOTAL_DED,"Total Deduction",0,918,918
2026-05,MAS62082,"NOIDA-2","BSS/BO/NOIDA-2/576",TOTAL_DED,"Total Deduction",0,1004,1004
2026-05,MAS62085,"NOIDA-2","BSS/BO/NOIDA-2/576",TOTAL_DED,"Total Deduction",0,761,761
2026-05,MAS62094,"NOIDA-2","BSS/BO/NOIDA-2/576",TOTAL_DED,"Total Deduction",0,969,969
2026-05,MAS62097,"NOIDA-2","BSS/BO/NOIDA-2/576",TOTAL_DED,"Total Deduction",0,969,969
2026-05,MAS62098,"NOIDA-2","BSS/BO/NOIDA-2/576",TOTAL_DED,"Total Deduction",0,761,761
2026-05,MAS62099,"NOIDA-2","BSS/BO/NOIDA-2/576",TOTAL_DED,"Total Deduction",0,761,761
2026-05,MAS62170,"NOIDA-2","BSS/BO/NOIDA-2/576",TOTAL_DED,"Total Deduction",0,1073,1073
2026-05,MAS62171,"NOIDA-2","BSS/BO/NOIDA-2/576",TOTAL_DED,"Total Deduction",0,865,865
2026-05,MAS62176,"NOIDA-2","BSS/BO/NOIDA-2/576",TOTAL_DED,"Total Deduction",0,918,918
2026-05,MAS62182,"NOIDA-2","BSS/BO/NOIDA-2/576",TOTAL_DED,"Total Deduction",0,553,553
2026-05,MAS62184,"NOIDA-2","BSS/BO/NOIDA-2/576",TOTAL_DED,"Total Deduction",0,969,969
2026-05,MAS62266,"NOIDA-2","BSS/BO/NOIDA-2/576",TOTAL_DED,"Total Deduction",0,1021,1021
2026-05,MAS62268,"NOIDA-2","BSS/BO/NOIDA-2/576",TOTAL_DED,"Total Deduction",0,1073,1073
2026-05,MAS62271,"NOIDA-2","BSS/BO/NOIDA-2/576",TOTAL_DED,"Total Deduction",0,1073,1073
2026-05,MAS62272,"NOIDA-2","BSS/BO/NOIDA-2/576",TOTAL_DED,"Total Deduction",0,1073,1073
2026-05,MAS62274,"NOIDA-2","BSS/BO/NOIDA-2/576",TOTAL_DED,"Total Deduction",0,1073,1073
2026-05,MAS62275,"NOIDA-2","BSS/BO/NOIDA-2/576",TOTAL_DED,"Total Deduction",0,1073,1073
2026-05,MAS62277,"NOIDA-2","BSS/BO/NOIDA-2/576",TOTAL_DED,"Total Deduction",0,1073,1073
2026-05,MAS62338,"NOIDA-2","BSS/BO/NOIDA-2/576",TOTAL_DED,"Total Deduction",0,761,761
2026-05,MAS62340,"NOIDA-2","BSS/BO/NOIDA-2/576",TOTAL_DED,"Total Deduction",0,900,900
2026-05,MAS62341,"NOIDA-2","BSS/BO/NOIDA-2/576",TOTAL_DED,"Total Deduction",0,830,830
2026-05,MAS62342,"NOIDA-2","BSS/BO/NOIDA-2/576",TOTAL_DED,"Total Deduction",0,900,900
2026-05,MAS62476,"NOIDA-2","BSS/BO/NOIDA-2/576",TOTAL_DED,"Total Deduction",0,657,657
2026-05,MAS62486,"NOIDA-2","BSS/BO/NOIDA-2/576",TOTAL_DED,"Total Deduction",0,416,416
2026-05,MAS62490,"NOIDA-2","BSS/BO/NOIDA-2/576",TOTAL_DED,"Total Deduction",0,416,416
2026-05,MAS62493,"NOIDA-2","BSS/BO/NOIDA-2/576",TOTAL_DED,"Total Deduction",0,381,381
2026-05,MAS62496,"NOIDA-2","BSS/BO/NOIDA-2/576",TOTAL_DED,"Total Deduction",0,416,416
2026-05,MAS62520,"NOIDA-2","BSS/BO/NOIDA-2/576",TOTAL_DED,"Total Deduction",0,312,312
2026-05,MAS62524,"NOIDA-2","BSS/BO/NOIDA-2/576",TOTAL_DED,"Total Deduction",0,173,173
2026-05,MAS62525,"NOIDA-2","BSS/BO/NOIDA-2/576",TOTAL_DED,"Total Deduction",0,312,312
2026-05,MAS62526,"NOIDA-2","BSS/BO/NOIDA-2/576",TOTAL_DED,"Total Deduction",0,312,312
2026-05,MAS62527,"NOIDA-2","BSS/BO/NOIDA-2/576",TOTAL_DED,"Total Deduction",0,312,312
2026-05,MAS62530,"NOIDA-2","BSS/BO/NOIDA-2/576",TOTAL_DED,"Total Deduction",0,312,312
2026-05,MAS62531,"NOIDA-2","BSS/BO/NOIDA-2/576",TOTAL_DED,"Total Deduction",0,208,208
2026-05,MAS62532,"NOIDA-2","BSS/BO/NOIDA-2/576",TOTAL_DED,"Total Deduction",0,312,312
2026-05,MAS62549,"NOIDA-2","BSS/BO/NOIDA-2/576",TOTAL_DED,"Total Deduction",0,416,416
2026-05,MAS62583,"NOIDA-2","BSS/BO/NOIDA-2/576",TOTAL_DED,"Total Deduction",0,104,104
2026-05,MAS62585,"NOIDA-2","BSS/BO/NOIDA-2/576",TOTAL_DED,"Total Deduction",0,104,104
2026-05,MAS62586,"NOIDA-2","BSS/BO/NOIDA-2/576",TOTAL_DED,"Total Deduction",0,104,104
2026-05,MAS62587,"NOIDA-2","BSS/BO/NOIDA-2/576",TOTAL_DED,"Total Deduction",0,69,69
2026-05,MAS62588,"NOIDA-2","BSS/BO/NOIDA-2/576",TOTAL_DED,"Total Deduction",0,35,35
2026-05,MAS62590,"NOIDA-2","BSS/BO/NOIDA-2/576",TOTAL_DED,"Total Deduction",0,104,104
2026-05,MAS62591,"NOIDA-2","BSS/BO/NOIDA-2/576",TOTAL_DED,"Total Deduction",0,104,104
2026-05,MAS62593,"NOIDA-2","BSS/BO/NOIDA-2/576",TOTAL_DED,"Total Deduction",0,104,104
2026-05,MAS62594,"NOIDA-2","BSS/BO/NOIDA-2/576",TOTAL_DED,"Total Deduction",0,104,104
2026-05,MAS62596,"NOIDA-2","BSS/BO/NOIDA-2/576",TOTAL_DED,"Total Deduction",0,104,104
2026-05,MAS62597,"NOIDA-2","BSS/BO/NOIDA-2/576",TOTAL_DED,"Total Deduction",0,104,104
2026-05,MAS62598,"NOIDA-2","BSS/BO/NOIDA-2/576",TOTAL_DED,"Total Deduction",0,104,104
2026-05,MAS62599,"NOIDA-2","BSS/BO/NOIDA-2/576",TOTAL_DED,"Total Deduction",0,104,104
2026-05,MAS62601,"NOIDA-2","BSS/BO/NOIDA-2/576",TOTAL_DED,"Total Deduction",0,35,35
2026-05,MAS62602,"NOIDA-2","BSS/BO/NOIDA-2/576",TOTAL_DED,"Total Deduction",0,104,104
2026-05,MAS62603,"NOIDA-2","BSS/BO/NOIDA-2/576",TOTAL_DED,"Total Deduction",0,104,104
2026-05,MAS62604,"NOIDA-2","BSS/BO/NOIDA-2/576",TOTAL_DED,"Total Deduction",0,104,104
2026-05,MAS62607,"NOIDA-2","BSS/BO/NOIDA-2/576",TOTAL_DED,"Total Deduction",0,104,104
2026-05,MAS62521,"NOIDA-2","BSS/BO/NOIDA-2/576",TOTAL_DED,"Total Deduction",0,104,104
2026-05,MAS01816,"AHMEDABAD-JALDARSHAN","BSS/BO/AHMH-JD/560",TOTAL_DED,"Total Deduction",200,5960,5760
2026-05,MAS02477,"AHMEDABAD-JALDARSHAN","BSS/BO/AHMH-JD/560",TOTAL_DED,"Total Deduction",200,14640,14440
2026-05,MAS03492,"AHMEDABAD-JALDARSHAN","BSS/BO/AHMH-JD/560",TOTAL_DED,"Total Deduction",200,2900,2700
2026-05,MAS48309,"AHMEDABAD-JALDARSHAN","BSS/BO/AHMH-JD/560",TOTAL_DED,"Total Deduction",200,1760,1560
2026-05,MAS48321,"AHMEDABAD-JALDARSHAN","BSS/BO/AHMH-JD/560",TOTAL_DED,"Total Deduction",200,1196,996
2026-05,MAS49935,"AHMEDABAD-JALDARSHAN","BSS/BO/AHMH-JD/560",TOTAL_DED,"Total Deduction",200,2120,1920
2026-05,MAS50351,"AHMEDABAD-JALDARSHAN","BSS/BO/AHMH-JD/560",TOTAL_DED,"Total Deduction",200,1700,1500
2026-05,MAS50770,"AHMEDABAD-JALDARSHAN","BSS/BO/AHMH-JD/560",TOTAL_DED,"Total Deduction",200,1190,990
2026-05,MAS57523,"AHMEDABAD-JALDARSHAN","BSS/BO/AHMH-JD/560",TOTAL_DED,"Total Deduction",200,1239,1039
2026-05,MAS59042,"AHMEDABAD-JALDARSHAN","BSS/BO/AHMH-JD/560",TOTAL_DED,"Total Deduction",200,1235,1035
2026-05,MAS53449,"AHMEDABAD-JALDARSHAN","BSS/IB/AHMH-JD/763",TOTAL_DED,"Total Deduction",200,902,702
2026-05,MAS57555,"AHMEDABAD-JALDARSHAN","BSS/IB/AHMH-JD/763",TOTAL_DED,"Total Deduction",200,902,702
2026-05,MAS54791,"AHMEDABAD-JALDARSHAN","BSS/OB/AHMH-JD/728",TOTAL_DED,"Total Deduction",200,1202,1002
2026-05,MAS54792,"AHMEDABAD-JALDARSHAN","BSS/OB/AHMH-JD/728",TOTAL_DED,"Total Deduction",0,937,937
2026-05,MAS62021,"AHMEDABAD-JALDARSHAN","BSS/OB/AHMH-JD/728",TOTAL_DED,"Total Deduction",200,1536,1336
2026-05,MAS62022,"AHMEDABAD-JALDARSHAN","BSS/OB/AHMH-JD/728",TOTAL_DED,"Total Deduction",0,387,387
2026-05,MAS54221,"AHMEDABAD-JALDARSHAN","BSS/OB/AHMH-JD/919",TOTAL_DED,"Total Deduction",200,1064,864
2026-05,MAS54639,"AHMEDABAD-JALDARSHAN","BSS/OB/AHMH-JD/919",TOTAL_DED,"Total Deduction",200,926,726
2026-05,MAS54643,"AHMEDABAD-JALDARSHAN","BSS/OB/AHMH-JD/919",TOTAL_DED,"Total Deduction",200,879,679
2026-05,MAS54658,"AHMEDABAD-JALDARSHAN","BSS/OB/AHMH-JD/919",TOTAL_DED,"Total Deduction",200,926,726
2026-05,MAS54919,"AHMEDABAD-JALDARSHAN","BSS/OB/AHMH-JD/919",TOTAL_DED,"Total Deduction",200,3200,3000
2026-05,MAS55335,"AHMEDABAD-JALDARSHAN","BSS/OB/AHMH-JD/919",TOTAL_DED,"Total Deduction",200,926,726
2026-05,MAS55531,"AHMEDABAD-JALDARSHAN","BSS/OB/AHMH-JD/919",TOTAL_DED,"Total Deduction",200,926,726
2026-05,MAS55903,"AHMEDABAD-JALDARSHAN","BSS/OB/AHMH-JD/919",TOTAL_DED,"Total Deduction",200,926,726
2026-05,MAS56755,"AHMEDABAD-JALDARSHAN","BSS/OB/AHMH-JD/919",TOTAL_DED,"Total Deduction",200,919,719
2026-05,MAS57100,"AHMEDABAD-JALDARSHAN","BSS/OB/AHMH-JD/919",TOTAL_DED,"Total Deduction",200,1217,1017
2026-05,MAS57165,"AHMEDABAD-JALDARSHAN","BSS/OB/AHMH-JD/919",TOTAL_DED,"Total Deduction",200,1151,951
2026-05,MAS57250,"AHMEDABAD-JALDARSHAN","BSS/OB/AHMH-JD/919",TOTAL_DED,"Total Deduction",200,1151,951
2026-05,MAS57252,"AHMEDABAD-JALDARSHAN","BSS/OB/AHMH-JD/919",TOTAL_DED,"Total Deduction",200,1217,1017
2026-05,MAS57351,"AHMEDABAD-JALDARSHAN","BSS/OB/AHMH-JD/919",TOTAL_DED,"Total Deduction",200,1217,1017
2026-05,MAS57687,"AHMEDABAD-JALDARSHAN","BSS/OB/AHMH-JD/919",TOTAL_DED,"Total Deduction",200,1118,918
2026-05,MAS57985,"AHMEDABAD-JALDARSHAN","BSS/OB/AHMH-JD/919",TOTAL_DED,"Total Deduction",200,1151,951
2026-05,MAS57991,"AHMEDABAD-JALDARSHAN","BSS/OB/AHMH-JD/919",TOTAL_DED,"Total Deduction",200,1217,1017
2026-05,MAS58205,"AHMEDABAD-JALDARSHAN","BSS/OB/AHMH-JD/919",TOTAL_DED,"Total Deduction",200,1216,1016
2026-05,MAS59356,"AHMEDABAD-JALDARSHAN","BSS/OB/AHMH-JD/919",TOTAL_DED,"Total Deduction",200,1151,951
2026-05,MAS59385,"AHMEDABAD-JALDARSHAN","BSS/OB/AHMH-JD/919",TOTAL_DED,"Total Deduction",200,1216,1016
2026-05,MAS59724,"AHMEDABAD-JALDARSHAN","BSS/OB/AHMH-JD/919",TOTAL_DED,"Total Deduction",200,1141,941
2026-05,MAS59884,"AHMEDABAD-JALDARSHAN","BSS/OB/AHMH-JD/919",TOTAL_DED,"Total Deduction",0,843,843
2026-05,MAS59885,"AHMEDABAD-JALDARSHAN","BSS/OB/AHMH-JD/919",TOTAL_DED,"Total Deduction",200,1206,1006
2026-05,MAS59886,"AHMEDABAD-JALDARSHAN","BSS/OB/AHMH-JD/919",TOTAL_DED,"Total Deduction",200,1226,1026
2026-05,MAS59972,"AHMEDABAD-JALDARSHAN","BSS/OB/AHMH-JD/919",TOTAL_DED,"Total Deduction",200,1206,1006
2026-05,MAS59984,"AHMEDABAD-JALDARSHAN","BSS/OB/AHMH-JD/919",TOTAL_DED,"Total Deduction",200,1141,941
2026-05,MAS60042,"AHMEDABAD-JALDARSHAN","BSS/OB/AHMH-JD/919",TOTAL_DED,"Total Deduction",0,859,859
2026-05,MAS60162,"AHMEDABAD-JALDARSHAN","BSS/OB/AHMH-JD/919",TOTAL_DED,"Total Deduction",200,1141,941
2026-05,MAS60449,"AHMEDABAD-JALDARSHAN","BSS/OB/AHMH-JD/919",TOTAL_DED,"Total Deduction",200,1206,1006
2026-05,MAS60450,"AHMEDABAD-JALDARSHAN","BSS/OB/AHMH-JD/919",TOTAL_DED,"Total Deduction",0,794,794
2026-05,MAS60492,"AHMEDABAD-JALDARSHAN","BSS/OB/AHMH-JD/919",TOTAL_DED,"Total Deduction",200,1141,941
2026-05,MAS60494,"AHMEDABAD-JALDARSHAN","BSS/OB/AHMH-JD/919",TOTAL_DED,"Total Deduction",200,1206,1006
2026-05,MAS60888,"AHMEDABAD-JALDARSHAN","BSS/OB/AHMH-JD/919",TOTAL_DED,"Total Deduction",200,1206,1006
2026-05,MAS61263,"AHMEDABAD-JALDARSHAN","BSS/OB/AHMH-JD/919",TOTAL_DED,"Total Deduction",200,1206,1006
2026-05,MAS61398,"AHMEDABAD-JALDARSHAN","BSS/OB/AHMH-JD/919",TOTAL_DED,"Total Deduction",200,1206,1006
2026-05,MAS61435,"AHMEDABAD-JALDARSHAN","BSS/OB/AHMH-JD/919",TOTAL_DED,"Total Deduction",200,1206,1006
2026-05,MAS61436,"AHMEDABAD-JALDARSHAN","BSS/OB/AHMH-JD/919",TOTAL_DED,"Total Deduction",0,908,908
2026-05,MAS61554,"AHMEDABAD-JALDARSHAN","BSS/OB/AHMH-JD/919",TOTAL_DED,"Total Deduction",200,2000,1800
2026-05,MAS61619,"AHMEDABAD-JALDARSHAN","BSS/OB/AHMH-JD/919",TOTAL_DED,"Total Deduction",200,1156,956
2026-05,MAS61628,"AHMEDABAD-JALDARSHAN","BSS/OB/AHMH-JD/919",TOTAL_DED,"Total Deduction",200,1206,1006
2026-05,MAS61667,"AHMEDABAD-JALDARSHAN","BSS/OB/AHMH-JD/919",TOTAL_DED,"Total Deduction",200,1206,1006
2026-05,MAS61668,"AHMEDABAD-JALDARSHAN","BSS/OB/AHMH-JD/919",TOTAL_DED,"Total Deduction",200,1206,1006
2026-05,MAS61670,"AHMEDABAD-JALDARSHAN","BSS/OB/AHMH-JD/919",TOTAL_DED,"Total Deduction",200,1281,1081
2026-05,MAS61749,"AHMEDABAD-JALDARSHAN","BSS/OB/AHMH-JD/919",TOTAL_DED,"Total Deduction",200,1940,1740
2026-05,MAS61750,"AHMEDABAD-JALDARSHAN","BSS/OB/AHMH-JD/919",TOTAL_DED,"Total Deduction",200,1940,1740
2026-05,MAS61751,"AHMEDABAD-JALDARSHAN","BSS/OB/AHMH-JD/919",TOTAL_DED,"Total Deduction",200,1940,1740
2026-05,MAS61752,"AHMEDABAD-JALDARSHAN","BSS/OB/AHMH-JD/919",TOTAL_DED,"Total Deduction",200,1940,1740
2026-05,MAS61818,"AHMEDABAD-JALDARSHAN","BSS/OB/AHMH-JD/919",TOTAL_DED,"Total Deduction",0,908,908
2026-05,MAS61819,"AHMEDABAD-JALDARSHAN","BSS/OB/AHMH-JD/919",TOTAL_DED,"Total Deduction",200,1206,1006
2026-05,MAS61820,"AHMEDABAD-JALDARSHAN","BSS/OB/AHMH-JD/919",TOTAL_DED,"Total Deduction",200,1206,1006
2026-05,MAS61821,"AHMEDABAD-JALDARSHAN","BSS/OB/AHMH-JD/919",TOTAL_DED,"Total Deduction",200,1124,924
2026-05,MAS62052,"AHMEDABAD-JALDARSHAN","BSS/OB/AHMH-JD/919",TOTAL_DED,"Total Deduction",200,1206,1006
2026-05,MAS62166,"AHMEDABAD-JALDARSHAN","BSS/OB/AHMH-JD/919",TOTAL_DED,"Total Deduction",200,1206,1006
2026-05,MAS62167,"AHMEDABAD-JALDARSHAN","BSS/OB/AHMH-JD/919",TOTAL_DED,"Total Deduction",0,859,859
2026-05,MAS62222,"AHMEDABAD-JALDARSHAN","BSS/OB/AHMH-JD/919",TOTAL_DED,"Total Deduction",200,1940,1740
2026-05,MAS62223,"AHMEDABAD-JALDARSHAN","BSS/OB/AHMH-JD/919",TOTAL_DED,"Total Deduction",200,1940,1740
2026-05,MAS62289,"AHMEDABAD-JALDARSHAN","BSS/OB/AHMH-JD/919",TOTAL_DED,"Total Deduction",200,1206,1006
2026-05,MAS62290,"AHMEDABAD-JALDARSHAN","BSS/OB/AHMH-JD/919",TOTAL_DED,"Total Deduction",0,908,908
2026-05,MAS62304,"AHMEDABAD-JALDARSHAN","BSS/OB/AHMH-JD/919",TOTAL_DED,"Total Deduction",200,1940,1740
2026-05,MAS62305,"AHMEDABAD-JALDARSHAN","BSS/OB/AHMH-JD/919",TOTAL_DED,"Total Deduction",1006,1547,541
2026-05,MAS62371,"AHMEDABAD-JALDARSHAN","BSS/OB/AHMH-JD/919",TOTAL_DED,"Total Deduction",200,1141,941
2026-05,MAS62391,"AHMEDABAD-JALDARSHAN","BSS/OB/AHMH-JD/919",TOTAL_DED,"Total Deduction",200,1141,941
2026-05,MAS62408,"AHMEDABAD-JALDARSHAN","BSS/OB/AHMH-JD/919",TOTAL_DED,"Total Deduction",0,811,811
2026-05,MAS62409,"AHMEDABAD-JALDARSHAN","BSS/OB/AHMH-JD/919",TOTAL_DED,"Total Deduction",200,1206,1006
2026-05,MAS62463,"AHMEDABAD-JALDARSHAN","BSS/OB/AHMH-JD/919",TOTAL_DED,"Total Deduction",0,779,779
2026-05,MAS62471,"AHMEDABAD-JALDARSHAN","BSS/OB/AHMH-JD/919",TOTAL_DED,"Total Deduction",0,711,711
2026-05,MAS62552,"AHMEDABAD-JALDARSHAN","BSS/OB/AHMH-JD/919",TOTAL_DED,"Total Deduction",0,452,452
2026-05,MAS62569,"AHMEDABAD-JALDARSHAN","BSS/OB/AHMH-JD/919",TOTAL_DED,"Total Deduction",0,356,356
2026-05,MAS62713,"AHMEDABAD-JALDARSHAN","BSS/OB/AHMH-JD/919",TOTAL_DED,"Total Deduction",0,65,65
2026-05,49876C,"AHMEDABAD-JALDARSHAN","BSS/OB/AHMH-JD/465",TOTAL_DED,"Total Deduction",225,0,225
2026-05,56368C,"AHMEDABAD-JALDARSHAN","BSS/OB/AHMH-JD/465",TOTAL_DED,"Total Deduction",225,0,225
2026-05,58163C,"AHMEDABAD-JALDARSHAN","BSS/OB/AHMH-JD/465",TOTAL_DED,"Total Deduction",225,0,225
2026-05,58417C,"AHMEDABAD-JALDARSHAN","BSS/OB/AHMH-JD/465",TOTAL_DED,"Total Deduction",225,0,225
2026-05,58462C,"AHMEDABAD-JALDARSHAN","BSS/OB/AHMH-JD/465",TOTAL_DED,"Total Deduction",225,0,225
2026-05,58501C,"AHMEDABAD-JALDARSHAN","BSS/OB/AHMH-JD/465",TOTAL_DED,"Total Deduction",225,0,225
2026-05,58903C,"AHMEDABAD-JALDARSHAN","BSS/OB/AHMH-JD/465",TOTAL_DED,"Total Deduction",225,0,225
2026-05,58922C,"AHMEDABAD-JALDARSHAN","BSS/OB/AHMH-JD/465",TOTAL_DED,"Total Deduction",225,0,225
2026-05,59109C,"AHMEDABAD-JALDARSHAN","BSS/OB/AHMH-JD/465",TOTAL_DED,"Total Deduction",225,0,225
2026-05,59112C,"AHMEDABAD-JALDARSHAN","BSS/OB/AHMH-JD/465",TOTAL_DED,"Total Deduction",225,0,225
2026-05,59208C,"AHMEDABAD-JALDARSHAN","BSS/OB/AHMH-JD/465",TOTAL_DED,"Total Deduction",225,0,225
2026-05,59699C,"AHMEDABAD-JALDARSHAN","BSS/OB/AHMH-JD/465",TOTAL_DED,"Total Deduction",225,0,225
2026-05,59779C,"AHMEDABAD-JALDARSHAN","BSS/OB/AHMH-JD/465",TOTAL_DED,"Total Deduction",225,0,225
2026-05,59910C,"AHMEDABAD-JALDARSHAN","BSS/OB/AHMH-JD/465",TOTAL_DED,"Total Deduction",225,0,225
2026-05,60012C,"AHMEDABAD-JALDARSHAN","BSS/OB/AHMH-JD/465",TOTAL_DED,"Total Deduction",225,0,225
2026-05,60025C,"AHMEDABAD-JALDARSHAN","BSS/OB/AHMH-JD/465",TOTAL_DED,"Total Deduction",225,0,225
2026-05,60036C,"AHMEDABAD-JALDARSHAN","BSS/OB/AHMH-JD/465",TOTAL_DED,"Total Deduction",225,0,225
2026-05,60190C,"AHMEDABAD-JALDARSHAN","BSS/OB/AHMH-JD/465",TOTAL_DED,"Total Deduction",225,0,225
2026-05,60249C,"AHMEDABAD-JALDARSHAN","BSS/OB/AHMH-JD/465",TOTAL_DED,"Total Deduction",225,0,225
2026-05,60530C,"AHMEDABAD-JALDARSHAN","BSS/OB/AHMH-JD/465",TOTAL_DED,"Total Deduction",225,0,225
2026-05,60653C,"AHMEDABAD-JALDARSHAN","BSS/OB/AHMH-JD/465",TOTAL_DED,"Total Deduction",225,0,225
2026-05,60831C,"AHMEDABAD-JALDARSHAN","BSS/OB/AHMH-JD/465",TOTAL_DED,"Total Deduction",225,0,225
2026-05,60872C,"AHMEDABAD-JALDARSHAN","BSS/OB/AHMH-JD/465",TOTAL_DED,"Total Deduction",225,0,225
2026-05,60873C,"AHMEDABAD-JALDARSHAN","BSS/OB/AHMH-JD/465",TOTAL_DED,"Total Deduction",225,0,225
2026-05,60882C,"AHMEDABAD-JALDARSHAN","BSS/OB/AHMH-JD/465",TOTAL_DED,"Total Deduction",225,0,225
2026-05,60904C,"AHMEDABAD-JALDARSHAN","BSS/OB/AHMH-JD/465",TOTAL_DED,"Total Deduction",225,0,225
2026-05,60958C,"AHMEDABAD-JALDARSHAN","BSS/OB/AHMH-JD/465",TOTAL_DED,"Total Deduction",225,0,225
2026-05,61059C,"AHMEDABAD-JALDARSHAN","BSS/OB/AHMH-JD/465",TOTAL_DED,"Total Deduction",225,0,225
2026-05,61061C,"AHMEDABAD-JALDARSHAN","BSS/OB/AHMH-JD/465",TOTAL_DED,"Total Deduction",225,0,225
2026-05,61103C,"AHMEDABAD-JALDARSHAN","BSS/OB/AHMH-JD/465",TOTAL_DED,"Total Deduction",225,0,225
2026-05,61107C,"AHMEDABAD-JALDARSHAN","BSS/OB/AHMH-JD/465",TOTAL_DED,"Total Deduction",225,0,225
2026-05,61126C,"AHMEDABAD-JALDARSHAN","BSS/OB/AHMH-JD/465",TOTAL_DED,"Total Deduction",225,0,225
2026-05,61213C,"AHMEDABAD-JALDARSHAN","BSS/OB/AHMH-JD/465",TOTAL_DED,"Total Deduction",225,0,225
2026-05,61335C,"AHMEDABAD-JALDARSHAN","BSS/OB/AHMH-JD/465",TOTAL_DED,"Total Deduction",225,0,225
2026-05,61336C,"AHMEDABAD-JALDARSHAN","BSS/OB/AHMH-JD/465",TOTAL_DED,"Total Deduction",225,0,225
2026-05,61445C,"AHMEDABAD-JALDARSHAN","BSS/OB/AHMH-JD/465",TOTAL_DED,"Total Deduction",225,0,225
2026-05,61466C,"AHMEDABAD-JALDARSHAN","BSS/OB/AHMH-JD/465",TOTAL_DED,"Total Deduction",225,0,225
2026-05,61467C,"AHMEDABAD-JALDARSHAN","BSS/OB/AHMH-JD/465",TOTAL_DED,"Total Deduction",225,0,225
2026-05,61570C,"AHMEDABAD-JALDARSHAN","BSS/OB/AHMH-JD/465",TOTAL_DED,"Total Deduction",225,0,225
2026-05,MAS48691,"AHMEDABAD-JALDARSHAN","BSS/OB/AHMH-JD/465",TOTAL_DED,"Total Deduction",200,2180,1980
2026-05,MAS51022,"AHMEDABAD-JALDARSHAN","BSS/OB/AHMH-JD/465",TOTAL_DED,"Total Deduction",200,1059,859
2026-05,MAS52127,"AHMEDABAD-JALDARSHAN","BSS/OB/AHMH-JD/465",TOTAL_DED,"Total Deduction",200,975,775
2026-05,MAS52129,"AHMEDABAD-JALDARSHAN","BSS/OB/AHMH-JD/465",TOTAL_DED,"Total Deduction",200,1580,1380
2026-05,MAS54827,"AHMEDABAD-JALDARSHAN","BSS/OB/AHMH-JD/465",TOTAL_DED,"Total Deduction",200,1344,1144
2026-05,MAS54968,"AHMEDABAD-JALDARSHAN","BSS/OB/AHMH-JD/465",TOTAL_DED,"Total Deduction",200,879,679
2026-05,MAS59220,"AHMEDABAD-JALDARSHAN","BSS/OB/AHMH-JD/465",TOTAL_DED,"Total Deduction",200,1231,1031
2026-05,MAS59456,"AHMEDABAD-JALDARSHAN","BSS/OB/AHMH-JD/465",TOTAL_DED,"Total Deduction",200,1344,1144
2026-05,MAS62539,"AHMEDABAD-JALDARSHAN","BSS/OB/AHMH-JD/465",TOTAL_DED,"Total Deduction",0,550,550
2026-05,61362C,"AHMEDABAD-JALDARSHAN","BSS/OB/AHMH-JD/465",TOTAL_DED,"Total Deduction",225,0,225
2026-05,MAS01963,"NOIDA","BO/",TOTAL_DED,"Total Deduction",0,13000,13000
2026-05,MAS07279,"NOIDA","BO/",TOTAL_DED,"Total Deduction",0,2880,2880
2026-05,MAS43487,"NOIDA","BO/",TOTAL_DED,"Total Deduction",0,1560,1560
2026-05,MAS50626,"NOIDA","BO/",TOTAL_DED,"Total Deduction",0,660,660
2026-05,MAS53006,"NOIDA","BO/",TOTAL_DED,"Total Deduction",0,1200,1200
2026-05,MAS56844,"NOIDA","BO/",TOTAL_DED,"Total Deduction",0,540,540
2026-05,MAS59226,"NOIDA","BO/",TOTAL_DED,"Total Deduction",0,2040,2040
2026-05,MAS60358,"NOIDA","BO/",TOTAL_DED,"Total Deduction",0,1680,1680
2026-05,MAS61042,"NOIDA","BO/",TOTAL_DED,"Total Deduction",0,1500,1500
2026-05,MAS61851,"NOIDA","BO/",TOTAL_DED,"Total Deduction",0,935,935
2026-05,MAS61884,"NOIDA","BO/",TOTAL_DED,"Total Deduction",0,58,58
2026-05,MAS62394,"NOIDA","BSS/BLD/Noida/630",TOTAL_DED,"Total Deduction",0,957,957
2026-05,MAS62615,"NOIDA","BSS/BLD/Noida/630",TOTAL_DED,"Total Deduction",0,356,356
2026-05,MAS62619,"NOIDA","BSS/BLD/Noida/630",TOTAL_DED,"Total Deduction",0,356,356
2026-05,MAS62621,"NOIDA","BSS/BLD/Noida/630",TOTAL_DED,"Total Deduction",0,311,311
2026-05,MAS62622,"NOIDA","BSS/BLD/Noida/630",TOTAL_DED,"Total Deduction",0,89,89
2026-05,MAS62623,"NOIDA","BSS/BLD/Noida/630",TOTAL_DED,"Total Deduction",0,356,356
2026-05,MAS62624,"NOIDA","BSS/BLD/Noida/630",TOTAL_DED,"Total Deduction",0,356,356
2026-05,MAS62625,"NOIDA","BSS/BLD/Noida/630",TOTAL_DED,"Total Deduction",0,356,356
2026-05,MAS52327,"NOIDA","BSS/BO/Noida/754",TOTAL_DED,"Total Deduction",0,1200,1200
2026-05,MAS53603,"NOIDA","BSS/BO/Noida/754",TOTAL_DED,"Total Deduction",0,546,546
2026-05,MAS54705,"NOIDA","BSS/BO/Noida/754",TOTAL_DED,"Total Deduction",0,546,546
2026-05,MAS55622,"NOIDA","BSS/BO/Noida/754",TOTAL_DED,"Total Deduction",0,997,997
2026-05,MAS56873,"NOIDA","BSS/BO/Noida/754",TOTAL_DED,"Total Deduction",0,601,601
2026-05,MAS56896,"NOIDA","BSS/BO/Noida/754",TOTAL_DED,"Total Deduction",0,629,629
2026-05,MAS56922,"NOIDA","BSS/BO/Noida/754",TOTAL_DED,"Total Deduction",0,630,630
2026-05,MAS57843,"NOIDA","BSS/BO/Noida/754",TOTAL_DED,"Total Deduction",0,868,868
2026-05,MAS58479,"NOIDA","BSS/BO/Noida/754",TOTAL_DED,"Total Deduction",0,1019,1019
2026-05,MAS58640,"NOIDA","BSS/BO/Noida/754",TOTAL_DED,"Total Deduction",0,1336,1336
2026-05,MAS58945,"NOIDA","BSS/BO/Noida/754",TOTAL_DED,"Total Deduction",0,1336,1336
2026-05,MAS59343,"NOIDA","BSS/BO/Noida/754",TOTAL_DED,"Total Deduction",0,1403,1403
2026-05,MAS60691,"NOIDA","BSS/BO/Noida/754",TOTAL_DED,"Total Deduction",0,1469,1469
2026-05,MAS60740,"NOIDA","BSS/BO/Noida/754",TOTAL_DED,"Total Deduction",0,1080,1080
2026-05,MAS60869,"NOIDA","BSS/BO/Noida/754",TOTAL_DED,"Total Deduction",0,1403,1403
2026-05,MAS60870,"NOIDA","BSS/BO/Noida/754",TOTAL_DED,"Total Deduction",0,1403,1403
2026-05,MAS61011,"NOIDA","BSS/BO/Noida/754",TOTAL_DED,"Total Deduction",0,1339,1339
2026-05,MAS61549,"NOIDA","BSS/BO/Noida/754",TOTAL_DED,"Total Deduction",0,1336,1336
2026-05,MAS61550,"NOIDA","BSS/BO/Noida/754",TOTAL_DED,"Total Deduction",0,1339,1339
2026-05,MAS61551,"NOIDA","BSS/BO/Noida/754",TOTAL_DED,"Total Deduction",0,1034,1034
2026-05,MAS61553,"NOIDA","BSS/BO/Noida/754",TOTAL_DED,"Total Deduction",0,1102,1102
2026-05,MAS61607,"NOIDA","BSS/BO/Noida/754",TOTAL_DED,"Total Deduction",0,1398,1398
2026-05,MAS61610,"NOIDA","BSS/BO/Noida/754",TOTAL_DED,"Total Deduction",0,1336,1336
2026-05,MAS61681,"NOIDA","BSS/BO/Noida/754",TOTAL_DED,"Total Deduction",0,1336,1336
2026-05,MAS61683,"NOIDA","BSS/BO/Noida/754",TOTAL_DED,"Total Deduction",0,1336,1336
2026-05,MAS61707,"NOIDA","BSS/BO/Noida/754",TOTAL_DED,"Total Deduction",0,1380,1380
2026-05,MAS61715,"NOIDA","BSS/BO/Noida/754",TOTAL_DED,"Total Deduction",0,1147,1147
2026-05,MAS61716,"NOIDA","BSS/BO/Noida/754",TOTAL_DED,"Total Deduction",0,1147,1147
2026-05,MAS62067,"NOIDA","BSS/BO/Noida/754",TOTAL_DED,"Total Deduction",0,1403,1403
2026-05,MAS62608,"NOIDA","BSS/BO/Noida/754",TOTAL_DED,"Total Deduction",0,267,267
2026-05,MAS62609,"NOIDA","BSS/BO/Noida/754",TOTAL_DED,"Total Deduction",0,178,178
2026-05,MAS62611,"NOIDA","BSS/BO/Noida/754",TOTAL_DED,"Total Deduction",0,267,267
2026-05,MAS62613,"NOIDA","BSS/BO/Noida/754",TOTAL_DED,"Total Deduction",0,200,200
2026-05,MAS61561,"NOIDA","BSS/BO/Noida/795",TOTAL_DED,"Total Deduction",0,1064,1064
2026-05,MAS62393,"NOIDA","BSS/BO/Noida/795",TOTAL_DED,"Total Deduction",0,901,901
2026-05,MAS49564,"NOIDA","BSS/IB/Noida/534",TOTAL_DED,"Total Deduction",0,954,954
2026-05,MAS52496,"NOIDA","BSS/IB/Noida/534",TOTAL_DED,"Total Deduction",0,1020,1020
2026-05,MAS52734,"NOIDA","BSS/IB/Noida/534",TOTAL_DED,"Total Deduction",0,533,533
2026-05,MAS54666,"NOIDA","BSS/IB/Noida/534",TOTAL_DED,"Total Deduction",0,508,508
2026-05,MAS60557,"NOIDA","BSS/IB/Noida/534",TOTAL_DED,"Total Deduction",0,1073,1073
2026-05,MAS52098,"NOIDA","BSS/IB/Noida/654",TOTAL_DED,"Total Deduction",0,930,930
2026-05,MAS59813,"NOIDA","BSS/IB/Noida/654",TOTAL_DED,"Total Deduction",0,1469,1469
2026-05,MAS60487,"NOIDA","BSS/IB/Noida/654",TOTAL_DED,"Total Deduction",0,1620,1620
2026-05,MAS61338,"NOIDA","BSS/IB/Noida/654",TOTAL_DED,"Total Deduction",0,1380,1380
2026-05,MAS61469,"NOIDA","BSS/IB/Noida/654",TOTAL_DED,"Total Deduction",0,534,534
2026-05,MAS56101,"NOIDA","BSS/IB/Noida/892",TOTAL_DED,"Total Deduction",0,870,870
2026-05,MAS56930,"NOIDA","BSS/IB/Noida/892",TOTAL_DED,"Total Deduction",0,600,600
2026-05,MAS57695,"NOIDA","BSS/IB/Noida/892",TOTAL_DED,"Total Deduction",0,1500,1500
2026-05,MAS59258,"NOIDA","BSS/IB/Noida/892",TOTAL_DED,"Total Deduction",0,1560,1560
2026-05,MAS59259,"NOIDA","BSS/IB/Noida/892",TOTAL_DED,"Total Deduction",0,1620,1620
2026-05,MAS59332,"NOIDA","BSS/IB/Noida/892",TOTAL_DED,"Total Deduction",0,1620,1620
2026-05,MAS59679,"NOIDA","BSS/IB/Noida/892",TOTAL_DED,"Total Deduction",0,1500,1500
2026-05,MAS61274,"NOIDA","BSS/OB/Noida/1005",TOTAL_DED,"Total Deduction",0,679,679
2026-05,MAS61455,"NOIDA","BSS/OB/Noida/1005",TOTAL_DED,"Total Deduction",0,1044,1044
2026-05,MAS61456,"NOIDA","BSS/OB/Noida/1005",TOTAL_DED,"Total Deduction",0,1339,1339
2026-05,MAS61501,"NOIDA","BSS/OB/Noida/1005",TOTAL_DED,"Total Deduction",0,1202,1202
2026-05,MAS61502,"NOIDA","BSS/OB/Noida/1005",TOTAL_DED,"Total Deduction",0,1269,1269
2026-05,MAS61852,"NOIDA","BSS/OB/Noida/1005",TOTAL_DED,"Total Deduction",0,1250,1250
2026-05,MAS61883,"NOIDA","BSS/OB/Noida/1005",TOTAL_DED,"Total Deduction",0,1336,1336
2026-05,MAS62614,"NOIDA","BSS/OB/Noida/1005",TOTAL_DED,"Total Deduction",0,249,249
2026-05,MAS62617,"NOIDA","BSS/OB/Noida/1005",TOTAL_DED,"Total Deduction",0,258,258
2026-05,MAS62643,"NOIDA","BSS/OB/Noida/1005",TOTAL_DED,"Total Deduction",0,280,280
2026-05,MAS58530,"NOIDA","BSS/OB/Noida/945",TOTAL_DED,"Total Deduction",0,1336,1336
2026-05,MAS59371,"NOIDA","BSS/OB/Noida/945",TOTAL_DED,"Total Deduction",0,1073,1073
2026-05,MAS60815,"NOIDA","BSS/OB/Noida/945",TOTAL_DED,"Total Deduction",0,1202,1202
2026-05,MAS62073,"NOIDA","BSS/OB/Noida/945",TOTAL_DED,"Total Deduction",0,905,905
2026-05,MAS58767,"NOIDA","BSS/OB/Noida/954",TOTAL_DED,"Total Deduction",0,1099,1099
2026-05,MAS59521,"NOIDA","BSS/OB/Noida/954",TOTAL_DED,"Total Deduction",0,1269,1269
2026-05,MAS60884,"NOIDA","BSS/OB/Noida/954",TOTAL_DED,"Total Deduction",0,657,657
2026-05,MAS55838,"NOIDA","BSS/OB/Noida/923",TOTAL_DED,"Total Deduction",0,674,674
2026-05,MAS56876,"NOIDA","BSS/OB/Noida/923",TOTAL_DED,"Total Deduction",0,528,528
2026-05,MAS57315,"NOIDA","BSS/OB/Noida/923",TOTAL_DED,"Total Deduction",0,1680,1680
2026-05,MAS58591,"NOIDA","BSS/OB/Noida/923",TOTAL_DED,"Total Deduction",0,1380,1380
2026-05,MAS58595,"NOIDA","BSS/OB/Noida/923",TOTAL_DED,"Total Deduction",0,1403,1403
2026-05,MAS59006,"NOIDA","BSS/OB/Noida/923",TOTAL_DED,"Total Deduction",0,1437,1437
2026-05,MAS59014,"NOIDA","BSS/OB/Noida/923",TOTAL_DED,"Total Deduction",0,1536,1536
2026-05,MAS59849,"NOIDA","BSS/OB/Noida/923",TOTAL_DED,"Total Deduction",0,1680,1680
2026-05,MAS59850,"NOIDA","BSS/OB/Noida/923",TOTAL_DED,"Total Deduction",0,979,979
2026-05,MAS61201,"NOIDA","BSS/OB/Noida/923",TOTAL_DED,"Total Deduction",0,1246,1246
2026-05,MAS61477,"NOIDA","BSS/OB/Noida/923",TOTAL_DED,"Total Deduction",0,1380,1380
2026-05,MAS61853,"NOIDA","BSS/OB/Noida/923",TOTAL_DED,"Total Deduction",0,1336,1336
2026-05,MAS62074,"NOIDA","BSS/OB/Noida/923",TOTAL_DED,"Total Deduction",0,1403,1403
2026-05,MAS56107,"NOIDA","BSS/OB/Noida/961",TOTAL_DED,"Total Deduction",0,780,780
2026-05,MAS57524,"NOIDA","BSS/OB/Noida/961",TOTAL_DED,"Total Deduction",0,2340,2340
2026-05,MAS57576,"NOIDA","BSS/OB/Noida/961",TOTAL_DED,"Total Deduction",0,1620,1620
2026-05,MAS59165,"NOIDA","BSS/OB/Noida/961",TOTAL_DED,"Total Deduction",0,1620,1620
2026-05,MAS59169,"NOIDA","BSS/OB/Noida/961",TOTAL_DED,"Total Deduction",0,1403,1403
2026-05,MAS59365,"NOIDA","BSS/OB/Noida/961",TOTAL_DED,"Total Deduction",0,1500,1500
2026-05,MAS59575,"NOIDA","BSS/OB/Noida/961",TOTAL_DED,"Total Deduction",0,1312,1312
2026-05,MAS59576,"NOIDA","BSS/OB/Noida/961",TOTAL_DED,"Total Deduction",0,1271,1271
2026-05,MAS59607,"NOIDA","BSS/OB/Noida/961",TOTAL_DED,"Total Deduction",0,1313,1313
2026-05,MAS59771,"NOIDA","BSS/OB/Noida/961",TOTAL_DED,"Total Deduction",0,1403,1403
2026-05,MAS59962,"NOIDA","BSS/OB/Noida/961",TOTAL_DED,"Total Deduction",0,1469,1469
2026-05,MAS59967,"NOIDA","BSS/OB/Noida/961",TOTAL_DED,"Total Deduction",0,1380,1380
2026-05,MAS60223,"NOIDA","BSS/OB/Noida/961",TOTAL_DED,"Total Deduction",0,1246,1246
2026-05,MAS60224,"NOIDA","BSS/OB/Noida/961",TOTAL_DED,"Total Deduction",0,1380,1380
2026-05,MAS60386,"NOIDA","BSS/OB/Noida/961",TOTAL_DED,"Total Deduction",0,1380,1380
2026-05,MAS60486,"NOIDA","BSS/OB/Noida/961",TOTAL_DED,"Total Deduction",0,712,712
2026-05,MAS60551,"NOIDA","BSS/OB/Noida/961",TOTAL_DED,"Total Deduction",0,1380,1380
2026-05,MAS60641,"NOIDA","BSS/OB/Noida/961",TOTAL_DED,"Total Deduction",0,1380,1380
2026-05,MAS60776,"NOIDA","BSS/OB/Noida/961",TOTAL_DED,"Total Deduction",0,1380,1380
2026-05,MAS60777,"NOIDA","BSS/OB/Noida/961",TOTAL_DED,"Total Deduction",0,1161,1161
2026-05,MAS60867,"NOIDA","BSS/OB/Noida/961",TOTAL_DED,"Total Deduction",0,1380,1380
2026-05,MAS61062,"NOIDA","BSS/OB/Noida/961",TOTAL_DED,"Total Deduction",0,1380,1380
2026-05,MAS61379,"NOIDA","BSS/OB/Noida/961",TOTAL_DED,"Total Deduction",0,1351,1351
2026-05,MAS61396,"NOIDA","BSS/OB/Noida/961",TOTAL_DED,"Total Deduction",0,1469,1469
2026-05,MAS61507,"NOIDA","BSS/OB/Noida/961",TOTAL_DED,"Total Deduction",0,815,815
2026-05,MAS61827,"NOIDA","BSS/OB/Noida/961",TOTAL_DED,"Total Deduction",0,1380,1380
2026-05,MAS61981,"NOIDA","BSS/OB/Noida/961",TOTAL_DED,"Total Deduction",0,1269,1269
2026-05,MAS61983,"NOIDA","BSS/OB/Noida/961",TOTAL_DED,"Total Deduction",0,1246,1246
2026-05,MAS61984,"NOIDA","BSS/OB/Noida/961",TOTAL_DED,"Total Deduction",0,1135,1135
2026-05,MAS62107,"NOIDA","BSS/OB/Noida/961",TOTAL_DED,"Total Deduction",0,1180,1180
2026-05,MAS62109,"NOIDA","BSS/OB/Noida/961",TOTAL_DED,"Total Deduction",0,1380,1380
2026-05,MAS62396,"NOIDA","BSS/OB/Noida/961",TOTAL_DED,"Total Deduction",0,1380,1380
2026-05,MAS62397,"NOIDA","BSS/OB/Noida/961",TOTAL_DED,"Total Deduction",0,623,623
2026-05,MAS62398,"NOIDA","BSS/OB/Noida/961",TOTAL_DED,"Total Deduction",0,1269,1269
2026-05,MAS62498,"NOIDA","BSS/OB/Noida/961",TOTAL_DED,"Total Deduction",0,846,846
2026-05,MAS62502,"NOIDA","BSS/OB/Noida/961",TOTAL_DED,"Total Deduction",0,801,801
2026-05,MAS62503,"NOIDA","BSS/OB/Noida/961",TOTAL_DED,"Total Deduction",0,901,901
2026-05,MAS62504,"NOIDA","BSS/OB/Noida/961",TOTAL_DED,"Total Deduction",0,853,853
2026-05,MAS62505,"NOIDA","BSS/OB/Noida/961",TOTAL_DED,"Total Deduction",0,846,846
2026-05,MAS62506,"NOIDA","BSS/OB/Noida/961",TOTAL_DED,"Total Deduction",0,712,712
2026-05,MAS62580,"NOIDA","BSS/OB/Noida/961",TOTAL_DED,"Total Deduction",0,267,267
2026-05,MAS62581,"NOIDA","BSS/OB/Noida/961",TOTAL_DED,"Total Deduction",0,401,401
2026-05,MAS62582,"NOIDA","BSS/OB/Noida/961",TOTAL_DED,"Total Deduction",0,356,356
2026-05,MAS53355,"NOIDA","BSS/OB/Noida/968",TOTAL_DED,"Total Deduction",0,553,553
2026-05,MAS57019,"NOIDA","BSS/OB/Noida/968",TOTAL_DED,"Total Deduction",0,977,977
2026-05,MAS61825,"NOIDA","BSS/OB/Noida/968",TOTAL_DED,"Total Deduction",0,1004,1004
2026-05,MAS62145,"NOIDA","BSS/OB/Noida/968",TOTAL_DED,"Total Deduction",0,969,969
2026-05,MAS49719,"NOIDA","BSS/OB/Noida/592",TOTAL_DED,"Total Deduction",0,684,684
2026-05,MAS49862,"NOIDA","BSS/OB/Noida/592",TOTAL_DED,"Total Deduction",0,528,528
2026-05,MAS50298,"NOIDA","BSS/OB/Noida/592",TOTAL_DED,"Total Deduction",0,840,840
2026-05,MAS50759,"NOIDA","BSS/OB/Noida/592",TOTAL_DED,"Total Deduction",0,1380,1380
2026-05,MAS51997,"NOIDA","BSS/OB/Noida/592",TOTAL_DED,"Total Deduction",0,528,528
2026-05,MAS53558,"NOIDA","BSS/OB/Noida/592",TOTAL_DED,"Total Deduction",0,612,612
2026-05,MAS53598,"NOIDA","BSS/OB/Noida/592",TOTAL_DED,"Total Deduction",0,540,540
2026-05,MAS55322,"NOIDA","BSS/OB/Noida/592",TOTAL_DED,"Total Deduction",0,503,503
2026-05,MAS55804,"NOIDA","BSS/OB/Noida/592",TOTAL_DED,"Total Deduction",0,550,550
2026-05,MAS55808,"NOIDA","BSS/OB/Noida/592",TOTAL_DED,"Total Deduction",0,510,510
2026-05,MAS55809,"NOIDA","BSS/OB/Noida/592",TOTAL_DED,"Total Deduction",0,666,666
2026-05,MAS56168,"NOIDA","BSS/OB/Noida/592",TOTAL_DED,"Total Deduction",0,510,510
2026-05,MAS56293,"NOIDA","BSS/OB/Noida/592",TOTAL_DED,"Total Deduction",0,526,526
2026-05,MAS57627,"NOIDA","BSS/OB/Noida/592",TOTAL_DED,"Total Deduction",0,1620,1620
2026-05,MAS58007,"NOIDA","BSS/OB/Noida/592",TOTAL_DED,"Total Deduction",0,1436,1436
2026-05,MAS58754,"NOIDA","BSS/OB/Noida/592",TOTAL_DED,"Total Deduction",0,1302,1302
2026-05,MAS58878,"NOIDA","BSS/OB/Noida/592",TOTAL_DED,"Total Deduction",0,1105,1105
2026-05,MAS58894,"NOIDA","BSS/OB/Noida/592",TOTAL_DED,"Total Deduction",0,1237,1237
2026-05,MAS59650,"NOIDA","BSS/OB/Noida/592",TOTAL_DED,"Total Deduction",0,1403,1403
2026-05,MAS59809,"NOIDA","BSS/OB/Noida/592",TOTAL_DED,"Total Deduction",0,1146,1146
2026-05,MAS60006,"NOIDA","BSS/OB/Noida/592",TOTAL_DED,"Total Deduction",0,1240,1240
2026-05,MAS60177,"NOIDA","BSS/OB/Noida/592",TOTAL_DED,"Total Deduction",0,1202,1202
2026-05,MAS60222,"NOIDA","BSS/OB/Noida/592",TOTAL_DED,"Total Deduction",0,1269,1269
2026-05,MAS60367,"NOIDA","BSS/OB/Noida/592",TOTAL_DED,"Total Deduction",0,1269,1269
2026-05,MAS60382,"NOIDA","BSS/OB/Noida/592",TOTAL_DED,"Total Deduction",0,1269,1269
2026-05,MAS60417,"NOIDA","BSS/OB/Noida/592",TOTAL_DED,"Total Deduction",0,1207,1207
2026-05,MAS60535,"NOIDA","BSS/OB/Noida/592",TOTAL_DED,"Total Deduction",0,1340,1340
2026-05,MAS60537,"NOIDA","BSS/OB/Noida/592",TOTAL_DED,"Total Deduction",0,1202,1202
2026-05,MAS60629,"NOIDA","BSS/OB/Noida/592",TOTAL_DED,"Total Deduction",0,1202,1202
2026-05,MAS60729,"NOIDA","BSS/OB/Noida/592",TOTAL_DED,"Total Deduction",0,1269,1269
2026-05,MAS60840,"NOIDA","BSS/OB/Noida/592",TOTAL_DED,"Total Deduction",0,1202,1202
2026-05,MAS60933,"NOIDA","BSS/OB/Noida/592",TOTAL_DED,"Total Deduction",0,905,905
2026-05,MAS61022,"NOIDA","BSS/OB/Noida/592",TOTAL_DED,"Total Deduction",0,1202,1202
2026-05,MAS61066,"NOIDA","BSS/OB/Noida/592",TOTAL_DED,"Total Deduction",0,1147,1147
2026-05,MAS61068,"NOIDA","BSS/OB/Noida/592",TOTAL_DED,"Total Deduction",0,1336,1336
2026-05,MAS61096,"NOIDA","BSS/OB/Noida/592",TOTAL_DED,"Total Deduction",0,1207,1207
2026-05,MAS61097,"NOIDA","BSS/OB/Noida/592",TOTAL_DED,"Total Deduction",0,1202,1202
2026-05,MAS61271,"NOIDA","BSS/OB/Noida/592",TOTAL_DED,"Total Deduction",0,1336,1336
2026-05,MAS61272,"NOIDA","BSS/OB/Noida/592",TOTAL_DED,"Total Deduction",0,1336,1336
2026-05,MAS61275,"NOIDA","BSS/OB/Noida/592",TOTAL_DED,"Total Deduction",0,1336,1336
2026-05,MAS61422,"NOIDA","BSS/OB/Noida/592",TOTAL_DED,"Total Deduction",0,1202,1202
2026-05,MAS61431,"NOIDA","BSS/OB/Noida/592",TOTAL_DED,"Total Deduction",0,1269,1269
2026-05,MAS61433,"NOIDA","BSS/OB/Noida/592",TOTAL_DED,"Total Deduction",0,1202,1202
2026-05,MAS61449,"NOIDA","BSS/OB/Noida/592",TOTAL_DED,"Total Deduction",0,1202,1202
2026-05,MAS61510,"NOIDA","BSS/OB/Noida/592",TOTAL_DED,"Total Deduction",0,1028,1028
2026-05,MAS61634,"NOIDA","BSS/OB/Noida/592",TOTAL_DED,"Total Deduction",0,1062,1062
2026-05,MAS61762,"NOIDA","BSS/OB/Noida/592",TOTAL_DED,"Total Deduction",0,1135,1135
2026-05,MAS61763,"NOIDA","BSS/OB/Noida/592",TOTAL_DED,"Total Deduction",0,1202,1202
2026-05,MAS61765,"NOIDA","BSS/OB/Noida/592",TOTAL_DED,"Total Deduction",0,1202,1202
2026-05,MAS61768,"NOIDA","BSS/OB/Noida/592",TOTAL_DED,"Total Deduction",0,1250,1250
2026-05,MAS61828,"NOIDA","BSS/OB/Noida/592",TOTAL_DED,"Total Deduction",0,1144,1144
2026-05,MAS61843,"NOIDA","BSS/OB/Noida/592",TOTAL_DED,"Total Deduction",0,1202,1202
2026-05,MAS61943,"NOIDA","BSS/OB/Noida/592",TOTAL_DED,"Total Deduction",0,1135,1135
2026-05,MAS61950,"NOIDA","BSS/OB/Noida/592",TOTAL_DED,"Total Deduction",0,1009,1009
2026-05,MAS61953,"NOIDA","BSS/OB/Noida/592",TOTAL_DED,"Total Deduction",0,970,970
2026-05,MAS61955,"NOIDA","BSS/OB/Noida/592",TOTAL_DED,"Total Deduction",0,1202,1202
2026-05,MAS61959,"NOIDA","BSS/OB/Noida/592",TOTAL_DED,"Total Deduction",0,1135,1135
2026-05,MAS62005,"NOIDA","BSS/OB/Noida/592",TOTAL_DED,"Total Deduction",0,1440,1440
2026-05,MAS62013,"NOIDA","BSS/OB/Noida/592",TOTAL_DED,"Total Deduction",0,1336,1336
2026-05,MAS62014,"NOIDA","BSS/OB/Noida/592",TOTAL_DED,"Total Deduction",0,1336,1336
2026-05,MAS62015,"NOIDA","BSS/OB/Noida/592",TOTAL_DED,"Total Deduction",0,1336,1336
2026-05,MAS62068,"NOIDA","BSS/OB/Noida/592",TOTAL_DED,"Total Deduction",0,1135,1135
2026-05,MAS62124,"NOIDA","BSS/OB/Noida/592",TOTAL_DED,"Total Deduction",0,1269,1269
2026-05,MAS62125,"NOIDA","BSS/OB/Noida/592",TOTAL_DED,"Total Deduction",0,1202,1202
2026-05,MAS62126,"NOIDA","BSS/OB/Noida/592",TOTAL_DED,"Total Deduction",0,1269,1269
2026-05,MAS62129,"NOIDA","BSS/OB/Noida/592",TOTAL_DED,"Total Deduction",0,1336,1336
2026-05,MAS62131,"NOIDA","BSS/OB/Noida/592",TOTAL_DED,"Total Deduction",0,1336,1336
2026-05,MAS62231,"NOIDA","BSS/OB/Noida/592",TOTAL_DED,"Total Deduction",0,1208,1208
2026-05,MAS62232,"NOIDA","BSS/OB/Noida/592",TOTAL_DED,"Total Deduction",0,1250,1250
2026-05,MAS62282,"NOIDA","BSS/OB/Noida/592",TOTAL_DED,"Total Deduction",0,1403,1403
2026-05,MAS62312,"NOIDA","BSS/OB/Noida/592",TOTAL_DED,"Total Deduction",0,1339,1339
2026-05,MAS62313,"NOIDA","BSS/OB/Noida/592",TOTAL_DED,"Total Deduction",0,1124,1124
2026-05,MAS62314,"NOIDA","BSS/OB/Noida/592",TOTAL_DED,"Total Deduction",0,1135,1135
2026-05,MAS62382,"NOIDA","BSS/OB/Noida/592",TOTAL_DED,"Total Deduction",0,1009,1009
2026-05,MAS62440,"NOIDA","BSS/OB/Noida/592",TOTAL_DED,"Total Deduction",0,1207,1207
2026-05,MAS62441,"NOIDA","BSS/OB/Noida/592",TOTAL_DED,"Total Deduction",0,1142,1142
2026-05,MAS62501,"NOIDA","BSS/OB/Noida/592",TOTAL_DED,"Total Deduction",0,905,905
2026-05,MAS62563,"NOIDA","BSS/OB/Noida/592",TOTAL_DED,"Total Deduction",0,491,491
2026-05,MAS62564,"NOIDA","BSS/OB/Noida/592",TOTAL_DED,"Total Deduction",0,495,495
2026-05,MAS62565,"NOIDA","BSS/OB/Noida/592",TOTAL_DED,"Total Deduction",0,258,258
2026-05,MAS62567,"NOIDA","BSS/OB/Noida/592",TOTAL_DED,"Total Deduction",0,518,518
2026-05,MAS62568,"NOIDA","BSS/OB/Noida/592",TOTAL_DED,"Total Deduction",0,474,474
2026-05,MAS62689,"NOIDA","BSS/OB/Noida/592",TOTAL_DED,"Total Deduction",0,181,181
2026-05,MAS62695,"NOIDA","BSS/OB/Noida/592",TOTAL_DED,"Total Deduction",0,216,216
2026-05,MAS62697,"NOIDA","BSS/OB/Noida/592",TOTAL_DED,"Total Deduction",0,216,216
2026-05,MAS62698,"NOIDA","BSS/OB/Noida/592",TOTAL_DED,"Total Deduction",0,216,216
2026-05,MAS62699,"NOIDA","BSS/OB/Noida/592",TOTAL_DED,"Total Deduction",0,173,173
2026-05,MAS62700,"NOIDA","BSS/OB/Noida/592",TOTAL_DED,"Total Deduction",0,173,173
2026-05,MAS62701,"NOIDA","BSS/OB/Noida/592",TOTAL_DED,"Total Deduction",0,216,216
2026-05,MAS62702,"NOIDA","BSS/OB/Noida/592",TOTAL_DED,"Total Deduction",0,216,216
2026-05,MAS62722,"NOIDA","BSS/OB/Noida/592",TOTAL_DED,"Total Deduction",0,164,164
2026-05,MAS62726,"NOIDA","BSS/OB/Noida/592",TOTAL_DED,"Total Deduction",0,173,173
2026-05,MAS62728,"NOIDA","BSS/OB/Noida/592",TOTAL_DED,"Total Deduction",0,173,173
2026-05,MAS50154,"NOIDA","BSS/IB/Noida/647",TOTAL_DED,"Total Deduction",0,840,840
2026-05,MAS50244,"NOIDA","BSS/IB/Noida/647",TOTAL_DED,"Total Deduction",0,660,660
2026-05,MAS50372,"NOIDA","BSS/IB/Noida/647",TOTAL_DED,"Total Deduction",0,1440,1440
2026-05,MAS50411,"NOIDA","BSS/IB/Noida/647",TOTAL_DED,"Total Deduction",0,540,540
2026-05,MAS50846,"NOIDA","BSS/IB/Noida/647",TOTAL_DED,"Total Deduction",0,498,498
2026-05,MAS51127,"NOIDA","BSS/IB/Noida/647",TOTAL_DED,"Total Deduction",0,1260,1260
2026-05,MAS51303,"NOIDA","BSS/IB/Noida/647",TOTAL_DED,"Total Deduction",0,570,570
2026-05,MAS52468,"NOIDA","BSS/IB/Noida/647",TOTAL_DED,"Total Deduction",0,756,756
2026-05,MAS53743,"NOIDA","BSS/IB/Noida/647",TOTAL_DED,"Total Deduction",0,674,674
2026-05,MAS54531,"NOIDA","BSS/IB/Noida/647",TOTAL_DED,"Total Deduction",0,546,546
2026-05,MAS54872,"NOIDA","BSS/IB/Noida/647",TOTAL_DED,"Total Deduction",0,546,546
2026-05,MAS55180,"NOIDA","BSS/IB/Noida/647",TOTAL_DED,"Total Deduction",0,961,961
2026-05,MAS57009,"NOIDA","BSS/IB/Noida/647",TOTAL_DED,"Total Deduction",0,1280,1280
2026-05,MAS57024,"NOIDA","BSS/IB/Noida/647",TOTAL_DED,"Total Deduction",0,1380,1380
2026-05,MAS57105,"NOIDA","BSS/IB/Noida/647",TOTAL_DED,"Total Deduction",0,1280,1280
2026-05,MAS57113,"NOIDA","BSS/IB/Noida/647",TOTAL_DED,"Total Deduction",0,1343,1343
2026-05,MAS57208,"NOIDA","BSS/IB/Noida/647",TOTAL_DED,"Total Deduction",0,1276,1276
2026-05,MAS57211,"NOIDA","BSS/IB/Noida/647",TOTAL_DED,"Total Deduction",0,1530,1530
2026-05,MAS57213,"NOIDA","BSS/IB/Noida/647",TOTAL_DED,"Total Deduction",0,1343,1343
2026-05,MAS57478,"NOIDA","BSS/IB/Noida/647",TOTAL_DED,"Total Deduction",0,1280,1280
2026-05,MAS58111,"NOIDA","BSS/IB/Noida/647",TOTAL_DED,"Total Deduction",0,1302,1302
2026-05,MAS58621,"NOIDA","BSS/IB/Noida/647",TOTAL_DED,"Total Deduction",0,1369,1369
2026-05,MAS58974,"NOIDA","BSS/IB/Noida/647",TOTAL_DED,"Total Deduction",0,1404,1404
2026-05,MAS59063,"NOIDA","BSS/IB/Noida/647",TOTAL_DED,"Total Deduction",0,1219,1219
2026-05,MAS59163,"NOIDA","BSS/IB/Noida/647",TOTAL_DED,"Total Deduction",0,1440,1440
2026-05,MAS59363,"NOIDA","BSS/IB/Noida/647",TOTAL_DED,"Total Deduction",0,1740,1740
2026-05,MAS59369,"NOIDA","BSS/IB/Noida/647",TOTAL_DED,"Total Deduction",0,1233,1233
2026-05,MAS59480,"NOIDA","BSS/IB/Noida/647",TOTAL_DED,"Total Deduction",0,1469,1469
2026-05,MAS59483,"NOIDA","BSS/IB/Noida/647",TOTAL_DED,"Total Deduction",0,1469,1469
2026-05,MAS59804,"NOIDA","BSS/IB/Noida/647",TOTAL_DED,"Total Deduction",0,1469,1469
2026-05,MAS60141,"NOIDA","BSS/IB/Noida/647",TOTAL_DED,"Total Deduction",0,1336,1336
2026-05,MAS60142,"NOIDA","BSS/IB/Noida/647",TOTAL_DED,"Total Deduction",0,991,991
2026-05,MAS60143,"NOIDA","BSS/IB/Noida/647",TOTAL_DED,"Total Deduction",0,1336,1336
2026-05,MAS60144,"NOIDA","BSS/IB/Noida/647",TOTAL_DED,"Total Deduction",0,1336,1336
2026-05,MAS60227,"NOIDA","BSS/IB/Noida/647",TOTAL_DED,"Total Deduction",0,1380,1380
2026-05,MAS60428,"NOIDA","BSS/IB/Noida/647",TOTAL_DED,"Total Deduction",0,1469,1469
2026-05,MAS60429,"NOIDA","BSS/IB/Noida/647",TOTAL_DED,"Total Deduction",0,1403,1403
2026-05,MAS60564,"NOIDA","BSS/IB/Noida/647",TOTAL_DED,"Total Deduction",0,1207,1207
2026-05,MAS60644,"NOIDA","BSS/IB/Noida/647",TOTAL_DED,"Total Deduction",0,1339,1339
2026-05,MAS60682,"NOIDA","BSS/IB/Noida/647",TOTAL_DED,"Total Deduction",0,1469,1469
2026-05,MAS60701,"NOIDA","BSS/IB/Noida/647",TOTAL_DED,"Total Deduction",0,1145,1145
2026-05,MAS60702,"NOIDA","BSS/IB/Noida/647",TOTAL_DED,"Total Deduction",0,951,951
2026-05,MAS60705,"NOIDA","BSS/IB/Noida/647",TOTAL_DED,"Total Deduction",0,1339,1339
2026-05,MAS60770,"NOIDA","BSS/IB/Noida/647",TOTAL_DED,"Total Deduction",0,1339,1339
2026-05,MAS60772,"NOIDA","BSS/IB/Noida/647",TOTAL_DED,"Total Deduction",0,1339,1339
2026-05,MAS60773,"NOIDA","BSS/IB/Noida/647",TOTAL_DED,"Total Deduction",0,1339,1339
2026-05,MAS60774,"NOIDA","BSS/IB/Noida/647",TOTAL_DED,"Total Deduction",0,1339,1339
2026-05,MAS60775,"NOIDA","BSS/IB/Noida/647",TOTAL_DED,"Total Deduction",0,1339,1339
2026-05,MAS60821,"NOIDA","BSS/IB/Noida/647",TOTAL_DED,"Total Deduction",0,1080,1080
2026-05,MAS61010,"NOIDA","BSS/IB/Noida/647",TOTAL_DED,"Total Deduction",0,1339,1339
2026-05,MAS61112,"NOIDA","BSS/IB/Noida/647",TOTAL_DED,"Total Deduction",0,991,991
2026-05,MAS61152,"NOIDA","BSS/IB/Noida/647",TOTAL_DED,"Total Deduction",0,1469,1469
2026-05,MAS61153,"NOIDA","BSS/IB/Noida/647",TOTAL_DED,"Total Deduction",0,1469,1469
2026-05,MAS61154,"NOIDA","BSS/IB/Noida/647",TOTAL_DED,"Total Deduction",0,1403,1403
2026-05,MAS61268,"NOIDA","BSS/IB/Noida/647",TOTAL_DED,"Total Deduction",0,1380,1380
2026-05,MAS61304,"NOIDA","BSS/IB/Noida/647",TOTAL_DED,"Total Deduction",0,1339,1339
2026-05,MAS61389,"NOIDA","BSS/IB/Noida/647",TOTAL_DED,"Total Deduction",0,1336,1336
2026-05,MAS61392,"NOIDA","BSS/IB/Noida/647",TOTAL_DED,"Total Deduction",0,1269,1269
2026-05,MAS61393,"NOIDA","BSS/IB/Noida/647",TOTAL_DED,"Total Deduction",0,1339,1339
2026-05,MAS61400,"NOIDA","BSS/IB/Noida/647",TOTAL_DED,"Total Deduction",0,1469,1469
2026-05,MAS61401,"NOIDA","BSS/IB/Noida/647",TOTAL_DED,"Total Deduction",0,1469,1469
2026-05,MAS61474,"NOIDA","BSS/IB/Noida/647",TOTAL_DED,"Total Deduction",0,1339,1339
2026-05,MAS61475,"NOIDA","BSS/IB/Noida/647",TOTAL_DED,"Total Deduction",0,1339,1339
2026-05,MAS61476,"NOIDA","BSS/IB/Noida/647",TOTAL_DED,"Total Deduction",0,1339,1339
2026-05,MAS61685,"NOIDA","BSS/IB/Noida/647",TOTAL_DED,"Total Deduction",0,993,993
2026-05,MAS61710,"NOIDA","BSS/IB/Noida/647",TOTAL_DED,"Total Deduction",0,1080,1080
2026-05,MAS61826,"NOIDA","BSS/IB/Noida/647",TOTAL_DED,"Total Deduction",0,1380,1380
2026-05,MAS61829,"NOIDA","BSS/IB/Noida/647",TOTAL_DED,"Total Deduction",0,1102,1102
2026-05,MAS61934,"NOIDA","BSS/IB/Noida/647",TOTAL_DED,"Total Deduction",0,1187,1187
2026-05,MAS61939,"NOIDA","BSS/IB/Noida/647",TOTAL_DED,"Total Deduction",0,1336,1336
2026-05,MAS61941,"NOIDA","BSS/IB/Noida/647",TOTAL_DED,"Total Deduction",0,1336,1336
2026-05,MAS61944,"NOIDA","BSS/IB/Noida/647",TOTAL_DED,"Total Deduction",0,1336,1336
2026-05,MAS62016,"NOIDA","BSS/IB/Noida/647",TOTAL_DED,"Total Deduction",0,1145,1145
2026-05,MAS62046,"NOIDA","BSS/IB/Noida/647",TOTAL_DED,"Total Deduction",0,1313,1313
2026-05,MAS62106,"NOIDA","BSS/IB/Noida/647",TOTAL_DED,"Total Deduction",0,1339,1339
2026-05,MAS62132,"NOIDA","BSS/IB/Noida/647",TOTAL_DED,"Total Deduction",0,1339,1339
2026-05,MAS62133,"NOIDA","BSS/IB/Noida/647",TOTAL_DED,"Total Deduction",0,1380,1380
2026-05,MAS62134,"NOIDA","BSS/IB/Noida/647",TOTAL_DED,"Total Deduction",0,1246,1246
2026-05,MAS62144,"NOIDA","BSS/IB/Noida/647",TOTAL_DED,"Total Deduction",0,1380,1380
2026-05,MAS62157,"NOIDA","BSS/IB/Noida/647",TOTAL_DED,"Total Deduction",0,1339,1339
2026-05,MAS62159,"NOIDA","BSS/IB/Noida/647",TOTAL_DED,"Total Deduction",0,1228,1228
2026-05,MAS62160,"NOIDA","BSS/IB/Noida/647",TOTAL_DED,"Total Deduction",0,1275,1275
2026-05,MAS62161,"NOIDA","BSS/IB/Noida/647",TOTAL_DED,"Total Deduction",0,1339,1339
2026-05,MAS62201,"NOIDA","BSS/IB/Noida/647",TOTAL_DED,"Total Deduction",0,1246,1246
2026-05,MAS62203,"NOIDA","BSS/IB/Noida/647",TOTAL_DED,"Total Deduction",0,1135,1135
2026-05,MAS62206,"NOIDA","BSS/IB/Noida/647",TOTAL_DED,"Total Deduction",0,1313,1313
2026-05,MAS62291,"NOIDA","BSS/IB/Noida/647",TOTAL_DED,"Total Deduction",0,1231,1231
2026-05,MAS62293,"NOIDA","BSS/IB/Noida/647",TOTAL_DED,"Total Deduction",0,1269,1269
2026-05,MAS62295,"NOIDA","BSS/IB/Noida/647",TOTAL_DED,"Total Deduction",0,1403,1403
2026-05,MAS62298,"NOIDA","BSS/IB/Noida/647",TOTAL_DED,"Total Deduction",0,1380,1380
2026-05,MAS62299,"NOIDA","BSS/IB/Noida/647",TOTAL_DED,"Total Deduction",0,1336,1336
2026-05,MAS62300,"NOIDA","BSS/IB/Noida/647",TOTAL_DED,"Total Deduction",0,1246,1246
2026-05,MAS62541,"NOIDA","BSS/IB/Noida/647",TOTAL_DED,"Total Deduction",0,490,490
2026-05,MAS62542,"NOIDA","BSS/IB/Noida/647",TOTAL_DED,"Total Deduction",0,534,534
2026-05,MAS62543,"NOIDA","BSS/IB/Noida/647",TOTAL_DED,"Total Deduction",0,467,467
2026-05,MAS62544,"NOIDA","BSS/IB/Noida/647",TOTAL_DED,"Total Deduction",0,490,490
2026-05,MAS62545,"NOIDA","BSS/IB/Noida/647",TOTAL_DED,"Total Deduction",0,411,411
2026-05,MAS62546,"NOIDA","BSS/IB/Noida/647",TOTAL_DED,"Total Deduction",0,534,534
2026-05,MAS62547,"NOIDA","BSS/IB/Noida/647",TOTAL_DED,"Total Deduction",0,534,534
2026-05,MAS62548,"NOIDA","BSS/IB/Noida/647",TOTAL_DED,"Total Deduction",0,401,401
2026-05,MAS62610,"NOIDA","BSS/IB/Noida/647",TOTAL_DED,"Total Deduction",0,223,223
2026-05,MAS62686,"NOIDA","BSS/IB/Noida/647",TOTAL_DED,"Total Deduction",0,129,129
2026-05,MAS62687,"NOIDA","BSS/IB/Noida/647",TOTAL_DED,"Total Deduction",0,173,173
2026-05,MAS62717,"NOIDA","BSS/IB/Noida/647",TOTAL_DED,"Total Deduction",0,259,259
2026-05,MAS48228,"NOIDA","BSS/OB/Noida/966",TOTAL_DED,"Total Deduction",0,1800,1800
2026-05,MAS49273,"NOIDA","BSS/OB/Noida/966",TOTAL_DED,"Total Deduction",0,531,531
2026-05,MAS61174,"NOIDA","BSS/OB/Noida/966",TOTAL_DED,"Total Deduction",0,900,900
2026-05,MAS61202,"NOIDA","BSS/OB/Noida/966",TOTAL_DED,"Total Deduction",0,934,934
2026-05,MAS61673,"NOIDA","BSS/OB/Noida/966",TOTAL_DED,"Total Deduction",0,1135,1135
2026-05,MAS61802,"NOIDA","BSS/OB/Noida/966",TOTAL_DED,"Total Deduction",0,1301,1301
2026-05,MAS62236,"NOIDA","BSS/OB/Noida/966",TOTAL_DED,"Total Deduction",0,1009,1009
2026-05,MAS62248,"NOIDA","BSS/OB/Noida/966",TOTAL_DED,"Total Deduction",0,952,952
2026-05,MAS62566,"NOIDA","BSS/OB/Noida/966",TOTAL_DED,"Total Deduction",0,403,403