"module","path","pageCode","rolesProp","duplicateCount"
"compliance","/compliance/statutory","STATUTORY_COMPLIANCE","","1"
"compliance","/compliance/labour","LABOUR_COMPLIANCE","","1"
"compliance","/compliance/dpdp","DPDP_COMPLIANCE","","1"
"compliance","/compliance/audit-report","","['admin','hr','super_admin']","1"
"compliance","/privacy/dpdp-withdrawal","DPDP_WITHDRAWAL","","1"
"compliance","/compliance/dpdp-withdrawal-admin","DPDP_WITHDRAWAL_ADMIN","","1"
"compliance","/it-provisioning","IT_PROVISIONING_TRACKER","","1"
"compliance","/provisioning/wfm-alignment","PROVISIONING_WFM_ALIGNMENT","['wfm','admin','super_admin']","1"
"compliance","/provisioning/it","PROVISIONING_IT","['it','admin','super_admin']","1"
"compliance","/provisioning/admin","PROVISIONING_ADMIN","['branch_admin','hr','admin','super_admin']","1"
"compliance","/provisioning/appointment-letter","","","1"
"dashboards","/dashboard","","","1"
"dashboards","/ceo/dashboard","","","1"
"dashboards","/payroll-hr/dashboard","","","1"
"dashboards","/wfm/dashboard","","","1"
"dashboards","/hr/dashboard","","","1"
"dashboards","/manager/dashboard","","","1"
"dashboards","/my-dashboard","","","1"
"dashboards","/quality-dashboard","","","1"
"dashboards","/operations-dashboard","","","1"
"dashboards","/recruiter-dashboard","","","1"
"dashboards","/wfm-attendance","","","1"
"dashboards","/it/dashboard","","","1"
"finance","/erp","ERP","","1"
"finance","/vendors","VENDOR_MANAGEMENT","['admin','super_admin','finance','manager']","1"
"finance","/procurement","PROCUREMENT","","1"
"finance","/finance/vendor-payment-tracking","FINANCE_VENDOR_PAYMENTS","","1"
"finance","/finance/grn","FINANCE_GRN","","1"
"finance","/finance/salary-voucher","FINANCE_SALARY_VOUCHER","['super_admin','finance_head','payroll_hr']","1"
"finance","/finance/branch-budget","FINANCE_BRANCH_BUDGET","['super_admin','admin','branch_admin','branch_head','finance','finance_head','accounts_head']","1"
"finance","/finance/budget-consolidation","FINANCE_BUDGET_CONSOLIDATION","","1"
"finance","/finance/cost-centres","FINANCE_COST_CENTRES","","1"
"finance","/finance/billability","FINANCE_BILLABILITY_SEAT_COST","","1"
"finance","/finance/process-pnl","FINANCE_PROCESS_PNL","","1"
"finance","/finance/process-pnl/configuration","FINANCE_PNL_CONFIG","","1"
"finance","/finance/process-pnl/lobs","FINANCE_PNL_LOBS","","1"
"finance","/finance/process-pnl/period-close","FINANCE_PNL_PERIOD_CLOSE","","1"
"finance","/finance/process-pnl/:processId","FINANCE_PROCESS_PNL","","1"
"finance","/expenses","","","1"
"finance","/expenses/new","","","1"
"finance","/expenses/new/:claimId","","","1"
"finance","/expenses/approvals","","","1"
"finance","/expenses/finance","","","1"
"finance","/expenses/reports","","","1"
"finance","/expenses/:claimId","","","1"
"finance","/master-reports","","","1"
"finance","/advanced-reports","","","1"
"finance","/reports/enterprise","","","1"
"payroll","/payroll","PAYROLL","","1"
"payroll","/payroll/payslips","","","1"
"payroll","/payroll/tax-declaration","TAX_DECLARATION","","1"
"payroll","/payroll/full-final","FULL_FINAL","","1"
"payroll","/payroll/statutory-config","STATUTORY_CONFIG","","1"
"payroll","/payroll/masters","PAYROLL_MASTERS","","1"
"payroll","/payroll/salary-packages","SALARY_PACKAGES","","1"
"payroll","/payroll/package-admin","SALARY_PACKAGE_ADMIN","['admin','super_admin','payroll']","1"
"payroll","/payroll/incentives","PAYROLL_INCENTIVES","","1"
"payroll","/payroll/overtime","PAYROLL_OVERTIME","['admin','super_admin','wfm','payroll','payroll_head']","1"
"payroll","/payroll/disbursal","PAYROLL_DISBURSAL","['super_admin','payroll','payroll_head','finance']","1"
"payroll","/payroll/bank-readiness","PAYROLL_BANK_READINESS","['super_admin','admin','payroll_head','payroll','payroll_admin','payroll_branch','finance','finance_head','hr','branch_head','branch_admin']","1"
"payroll","/payroll/config-flags","PAYROLL_CONFIG_FLAGS","['super_admin','admin','payroll_head','payroll_branch']","1"
"payroll","/payroll/recalculation-queue","PAYROLL_RECALCULATION_QUEUE","['super_admin','admin','payroll_head','payroll_branch']","1"
"payroll","/payroll/attendance-control-tower","PAYROLL_ATTENDANCE_CONTROL_TOWER","['super_admin','admin','payroll_head','payroll_branch','payroll','hr','wfm','branch_head']","1"
"payroll","/payroll/running-breakdown","PAYROLL_RUNNING_BREAKDOWN","['super_admin','admin','payroll_head','payroll_branch','wfm','employee']","1"
"payroll","/payroll/holiday-master","PAYROLL_HOLIDAY_MASTER","['super_admin','admin','payroll_head','payroll_branch']","1"
"payroll","/payroll/holiday-work","PAYROLL_HOLIDAY_WORK","['super_admin','admin','wfm','payroll_head','payroll_branch']","1"
"payroll","/payroll/holiday-work-requests","","","1"
"payroll","/payroll/holiday-work-approvals","","","1"
"payroll","/payroll/validation","PAYROLL_VALIDATION","['super_admin','payroll_head']","1"
"payroll","/payroll/noc","PAYROLL_NOC","['super_admin','payroll_head','payroll_branch','payroll','admin']","1"
"payroll","/payroll/branch-readiness","PAYROLL_BRANCH_READINESS","['super_admin','payroll_head','branch_head','payroll_branch','admin','hr','finance','payroll']","1"
"payroll","/payroll/process-readiness","PAYROLL_PROCESS_READINESS","['super_admin','payroll_head','branch_head','payroll_branch','admin','hr','finance','payroll','process_manager','wfm']","1"
"payroll","/payroll/salary-verification","PAYROLL_SALARY_VERIFICATION","['super_admin','payroll_head','branch_head','payroll_branch','wfm','process_manager','admin']","1"
"payroll","/payroll/calendar","PAYROLL_CALENDAR","['super_admin','payroll_head','payroll_branch']","1"
"payroll","/payroll/cost-summary","","","2"
"payroll","/payroll/statutory-filing","PAYROLL_STATUTORY_FILING","['super_admin','payroll_head','finance','admin']","1"
"payroll","/payroll/audit-trail","PAYROLL_AUDIT_TRAIL","['super_admin','payroll_head','finance','admin']","1"
"payroll","/payroll/variance","","","2"
"payroll","/payroll/bulk-outputs","PAYROLL_BULK_OUTPUTS","['super_admin','payroll_head','admin']","1"
"payroll","/payroll/loans","PAYROLL_LOANS","['super_admin','payroll_head','finance','admin','hr','employee']","1"
"payroll","/payroll/sign-off","PAYROLL_SIGN_OFF","['super_admin','payroll_head','finance','ceo','admin']","1"
"payroll","/payroll/salary-certificates","SALARY_CERTIFICATE","['super_admin','payroll_head','finance','admin','hr','employee']","1"
"payroll","/payroll/tds-certificate-part-a","PAYROLL_TDS_PART_A","['super_admin','admin','payroll_head','payroll','payroll_hr','finance']","1"
"payroll","/payroll/reimbursements","PAYROLL_REIMBURSEMENTS","['super_admin','payroll_head','finance','admin','hr','employee']","1"
"payroll","/payroll/ho-queues","PAYROLL_HO_QUEUES","['super_admin','payroll_head','payroll','finance','hr','admin']","1"
"payroll","/payroll/cheque-validation","","","1"
"payroll","/payroll/epf-compliance","PAYROLL_EPF_COMPLIANCE","['admin','super_admin','payroll_hr','payroll','hr','manager']","1"
"payroll","/payroll/pf-management","PAYROLL_PF_MANAGEMENT","['admin','super_admin','payroll_hr','payroll']","1"
"payroll","/payroll/pf-creation-queue","","","1"
"payroll","/payroll/pf-batches","","","1"
"payroll","/salary-increment","SALARY_INCREMENT","","1"
"people","/employees","EMPLOYEE_MANAGEMENT","","1"
"people","/employees/:id/360","EMPLOYEE_MANAGEMENT","","1"
"people","/employees/:id","EMPLOYEE_MANAGEMENT","","1"
"people","/employee-stat-card","","","1"
"people","/employee-stat-card/:id","","","1"
"people","/org-chart","ORG_CHART","","1"
"people","/org-chart/settings","","","1"
"people","/employees/:employeeId/joining-documents","","['admin','super_admin','hr','manager','payroll_hr','payroll','employee']","1"
"people","/ats/joining-documents-tracker","ATS_JOINING_DOCUMENTS_TRACKER","['admin','super_admin','hr','payroll_hr','branch_head']","1"
"people","/settings/document-templates","","['admin','super_admin','hr']","1"
"people","/employees/:employeeId/epf-compliance","","['admin','super_admin','hr','manager','payroll_hr','payroll','employee']","1"
"people","/employees/reactivation","","['hr','admin','super_admin','branch_head','payroll_head']","1"
"people","/employees/bgv-status","","","1"
"people","/employees/bgv-status/:employeeId","","['admin','hr','payroll','super_admin']","1"
"people","/employees/:employeeId/complete-profile","","['admin','super_admin','hr']","1"
"people","/employee-lifecycle","EMPLOYEE_LIFECYCLE","","1"
"people","/employee-lifecycle-v2","EMPLOYEE_LIFECYCLE","","1"
"people","/exit/command-center","EXIT_COMMAND_CENTER","","1"
"people","/exit-management","EXIT_COMMAND_CENTER","","1"
"people","/exit/resignation","RESIGNATION_MY_REQUEST","","1"
"people","/exit/resignation-command-center","RESIGNATION_COMMAND_CENTER","['admin','hr','manager','finance','payroll','super_admin']","1"
"people","/people-experience/command-center","","['admin','hr','ceo','coo','manager','process_manager','team_leader','tl','branch_head','employee']","1"
"people","/engagement/command-center","","","1"
"people","/my-team","","['super_admin','manager','process_manager','tl','team_leader','assistant_manager','branch_head','admin','hr']","1"
"people","/employee-journey","","","1"
"people","/people/ijp","ijp_opportunities","","1"
"performance","/performance","","","1"
"performance","/reviews-management","","","1"
"performance","/goals","","","1"
"performance","/performance/command-center","WORKFORCE_COMMAND_CENTER","","1"
"performance","/performance-feedback/my-reports","","","1"
"performance","/performance-feedback/reports/:id","","","1"
"performance","/performance-feedback/development-plan","","","1"
"performance","/performance-feedback/assignments","","","1"
"performance","/performance-feedback/form/:id","","","1"
"performance","/performance-feedback/team-reports","","","1"
"performance","/performance-hub","PERFORMANCE_HUB","","1"
"performance","/kpi/dashboard","","","1"
"performance","/workforce/command-center","","","1"
"performance","/kpi-config","KPI_CONFIG","","1"
"performance","/operations-kpi","","","1"
"performance","/kpi-master","KPI_MASTER","","1"
"performance","/kpi-targets","KPI_MASTER","","1"
"performance","/my-kpi","MY_KPI","","1"
"performance","/agent-performance","AGENT_PERFORMANCE","","1"
"performance","/pip-management","PIP_MANAGEMENT","['admin','hr','super_admin','manager']","1"
"performance","/career-planning","CAREER_PLANNING","","1"
"performance","/quality/dashboard","","","1"
"performance","/quality/audit","","","1"
"performance","/quality/executive","QUALITY_EXECUTIVE","","1"
"performance","/quality/team","","","1"
"performance","/quality/my-dashboard","","","1"
"performance","/kpi/process-metrics","KPI_CONFIG","['super_admin','admin','qa','tq_head','process_manager']","1"
"performance","/quality/file-audit","QUALITY_DASHBOARD","['super_admin','admin','qa','quality_analyst','tq_head']","1"
"performance","/quality/audit-forms","QA_EVALUATION","['super_admin','admin','qa','tq_head']","1"
"performance","/operations/dashboard","","","1"
"performance","/call-master","CALL_MASTER","['super_admin','admin','ceo','manager','process_manager','operations_manager','qa','quality_analyst']","1"
"performance","/call-master/inbound","CALL_MASTER_INBOUND","['super_admin','admin','ceo','manager','process_manager','operations_manager','qa','quality_analyst']","1"
"performance","/call-master/inbound/:projectKey","CALL_MASTER_INBOUND","['super_admin','admin','ceo','manager','process_manager','operations_manager','qa','quality_analyst']","1"
"performance","/sales/brand-analytics","SALES_BRAND_ANALYTICS","['super_admin','admin','ceo','manager','process_manager','operations_manager']","1"
"performance","/governance/tat-matrix","TAT_MATRIX","['admin','hr','super_admin']","1"
"performance","/governance/tat-dashboard","TAT_DASHBOARD","","1"
"performance","/lms","","","1"
"performance","/lms/my-learning","LMS_MY_LEARNING","","1"
"performance","/lms/coordinator","LMS_COORDINATOR","","1"
"performance","/lms/admin","LMS_ADMIN","","1"
"performance","/lms/management-dashboard","","","1"
"performance","/lms/integration","LMS_INTEGRATION","","1"
"performance","/lms/progress-dashboard","LMS_PROGRESS_DASHBOARD","","1"
"performance","/lms/module-launch","LMS_MODULE_LAUNCH","","1"
"platform","/settings","","","1"
"platform","/profile","MY_PROFILE","","1"
"platform","/departments","","","1"
"platform","/calendar","","","1"
"platform","/notifications","","","1"
"platform","/notification-preferences","","","1"
"platform","/modules","","","1"
"platform","/changelog","","","1"
"platform","/bulk-upload","BULK_UPLOAD","['admin','hr','super_admin','wfm','payroll','payroll_hr']","1"
"platform","/assets","","","1"
"platform","/onboarding","","['admin','hr']","1"
"platform","/onboarding-requests","","","1"
"platform","/assets-manager","ASSETS_MANAGER","","1"
"platform","/document-verification","EMPLOYEE_MANAGEMENT","","1"
"platform","/statutory-change-approvals","","['super_admin','admin','hr']","1"
"platform","/letters","LETTERS","","1"
"platform","/letters/:id/preview","","","1"
"platform","/settings/signing-certificate","","","1"
"platform","/settings/provisioning-recipients","","","1"
"platform","/settings/fraud-alerts","","","1"
"platform","/settings/branch-payroll-hr","","","1"
"platform","/helpdesk","HELPDESK_KB","","1"
"platform","/uat/feedback","UAT_FEEDBACK","","1"
"platform","/uat/triage","UAT_TRIAGE_CONSOLE","","1"
"platform","/uat/releases","UAT_RELEASE_BOARD","","1"
"platform","/uat/checklist","UAT_CHECKLIST_ADMIN","","1"
"platform","/support/command-center","SUPPORT_COMMAND_CENTER","","1"
"platform","/support/grievance-command-center","GRIEVANCE_COMMAND_CENTER","","1"
"platform","/org-masters","ORG_MASTERS","","1"
"platform","/org-masters/locations-policies","ORG_MASTERS","","1"
"platform","/workflow-admin","WORKFLOW_ADMIN","","1"
"platform","/process-config","PROCESS_CONFIG","","1"
"platform","/client-master","CLIENT_MASTER","","1"
"platform","/integration-hub","INTEGRATION_HUB","","1"
"platform","/migration-console","MIGRATION_CONSOLE","['admin']","1"
"platform","/audit-log","AUDIT_LOG","['admin','super_admin','hr','payroll_head','wfm']","1"
"platform","/admin/configuration","CONFIGURATION_CENTER","['super_admin','admin']","1"
"platform","/security-center","SECURITY_CENTER","['admin','ceo','coo','hr']","1"
"platform","/settings/access-control","ACCESS_CONTROL","","1"
"platform","/super-admin/page-access","ACCESS_CONTROL","['admin']","1"
"platform","/super-admin/module-access","MODULE_ACCESS","['admin']","1"
"platform","/super-admin/policy-engine","SUPER_ADMIN_POLICY_ENGINE","['super_admin']","1"
"platform","/super-admin/company-feed-creators","","['super_admin']","1"
"platform","/super-admin/live-location","","['super_admin','branch_head','hr_admin','operations_manager','process_manager']","1"
"platform","/settings/ai-providers","","['super_admin']","1"
"platform","/admin/mira-complaints","","['super_admin']","1"
"platform","/peopleos/copilot","","","1"
"platform","/customization","CUSTOMIZATION_MANAGER","","1"
"platform","/customization/new","CUSTOMIZATION_MANAGER","","1"
"platform","/customization/:id/edit","CUSTOMIZATION_MANAGER","","1"
"platform","/portal-data-manager","PORTAL_DATA_MANAGER","","1"
"platform","/benefits","BENEFITS","","1"
"platform","/mobility","MOBILITY","","1"
"platform","/work-inbox","WORK_INBOX","","1"
"platform","/jobs","JOBS","","1"
"platform","/control-tower","CONTROL_TOWER","['admin','super_admin','hr','manager']","1"
"platform","/management/dashboard","MANAGEMENT_DASHBOARD","","1"
"platform","/management/ceo-command-center","","","1"
"platform","/engagement","","","1"
"platform","/engagement/company-feed","","","1"
"platform","/engagement/company-feed/create","","","1"
"platform","/engagement/company-feed/approvals","","['hr_head','admin','super_admin']","1"
"platform","/engagement/company-feed/manage","","['hr_head','admin','super_admin']","1"
"platform","/engagement/badges","","","1"
"platform","/engagement/kudos","","","1"
"platform","/engagement/surveys","","","1"
"platform","/engagement/leaderboard","","","1"
"platform","/social-feed","SOCIAL_FEED","","1"
"platform","/social-feed/admin","","['super_admin','hr_admin','admin']","1"
"platform","/meetings","MCNMEET","","1"
"platform","/reports","","","1"
"platform","/reports/library","","","1"
"platform","/reports/control-room","","","1"
"platform","/reports/source-validation","","","1"
"platform","/my-report-requests","","","1"
"platform","/admin/report-audit","","","1"
"platform","/break-reports","","","2"
"platform","/break-session-log","","","2"
"platform","/reports-legacy/*","","","1"
"platform","/communication/templates","COMM_TEMPLATES","['super_admin','admin','hr']","1"
"platform","/settings/email-templates/bulk-import","","['admin','super_admin']","1"
"platform","/communication/dispatch","COMM_DISPATCH","['super_admin','admin','hr']","1"
"platform","/communication/history","COMM_HISTORY","['super_admin','admin','hr']","1"
"platform","/communication/preferences","","","1"
"platform","/settings/communication-config","","['super_admin','admin']","1"
"platform","/communication/email-centre","EMAIL_COMMAND_CENTRE","","1"
"platform","/settings/call-centre-config","CALL_CENTRE_CONFIG","['super_admin','admin']","1"
"portal","/portal","","","1"
"portal","/portal/processes/:id","","","1"
"portal","/super-admin/dashboard","SUPER_ADMIN_DASHBOARD","","1"
"public","/","","","1"
"public","/features","","","1"
"public","/how-it-works","","","1"
"public","/pricing","","","1"
"public","/privacy-policy","","","1"
"public","/terms-of-service","","","1"
"public","/security","","","1"
"public","/auth","","","1"
"public","/login","","","1"
"public","/reset-password","","","1"
"public","/change-password","","","1"
"public","/two-factor","","","1"
"public","/verify/emp/:employeeCode","","","1"
"public","/verify/payslip/:employeeCode/:monthYear","","","1"
"public","/verify/appointment/:token","","","1"
"public","/interview-registration","","","1"
"public","/candidate-registration","","","1"
"public","/walkin-registration","","","1"
"public","/onboard","","","1"
"public","/onboard-full","","","1"
"public","/onboard-full-legacy","","","1"
"public","/candidate-onboarding-full","","","1"
"public","/onboard-v1","","","1"
"public","/candidate-portal/login","","","1"
"public","/candidate-portal/dashboard","","","1"
"public","/portal/login","","","1"
"public","/break-desk","","","1"
"public","/display/waiting-room","","","1"
"public","/display/ops-board","","","1"
"public","/employee/joining-documents/esign/:token","","","1"
"public","/employee/joining-kit/esign/:token","","","1"
"public","/employee/epf-compliance/review/:token","","","1"
"public","/visitor-register","","","1"
"public","/visitor-status/:token","","","1"
"public","/visitor-status","","","1"
"public","/visitor-gate","","","1"
"recruitment","/recruitment/job-requisition","JOB_REQUISITION","","1"
"recruitment","/ats/command-center","ATS_DASHBOARD","","1"
"recruitment","/ats/dashboard","ATS_DASHBOARD","","1"
"recruitment","/ats/dashboard-v2","ATS_DASHBOARD","","1"
"recruitment","/ats/command-centre","","['super_admin','admin','manager','hr','recruiter','recruitment_hr']","1"
"recruitment","/ats/candidate-registration","","","1"
"recruitment","/ats/recruiter/workspace","ATS_RECRUITER_WORKSPACE","","1"
"recruitment","/ats/recruiter/my-candidates","ATS_RECRUITER_QUEUE","","1"
"recruitment","/ats/recruiter/hiring-entry","ATS_RECRUITER_QUEUE","","1"
"recruitment","/ats/recruiter/calling-entry","","","1"
"recruitment","/ats/recruiter/hiring-dashboard","RECRUITER_DASHBOARD","","1"
"recruitment","/ats/recruiter/calling-dashboard","","","1"
"recruitment","/ats/sourcing-analysis","ATS_DASHBOARD","","1"
"recruitment","/ats/onboarding-bridge","ATS_ONBOARDING_BRIDGE","","1"
"recruitment","/ats/onboarding-requests","ATS_ONBOARDING_REQUESTS","","1"
"recruitment","/hr-onboarding-requests","","","1"
"recruitment","/ats/walkin-queue","ATS_WALKIN_QUEUE","","1"
"recruitment","/ats/waiting-queue","ATS_WAITING_QUEUE","","1"
"recruitment","/ats/candidate-master","ATS_CANDIDATE_MASTER","","1"
"recruitment","/ats/offer-approvals","ATS_OFFER_APPROVALS","","1"
"recruitment","/ats/branch-head-approval","ATS_BRANCH_HEAD_APPROVAL","","1"
"recruitment","/ats/payroll-hr-validation","","","1"
"recruitment","/ats/payroll-hr","","","1"
"recruitment","/ats/joining-control-room","ATS_JOINING_CONTROL_ROOM","['admin','hr','payroll_hr','super_admin']","1"
"recruitment","/ats/bgv","ATS_BGV","","1"
"recruitment","/ats/bgv-enhanced","","","1"
"recruitment","/ats/bgv-report","ATS_BGV_REPORT","","1"
"recruitment","/bgv-report-view/:candidateId","","['admin','hr']","1"
"recruitment","/ats/bgv-api-monitor","","['admin','hr','super_admin']","1"
"recruitment","/ats/reconciliation","","['admin','super_admin','hr']","1"
"recruitment","/ats/registration-enhanced","","","1"
"recruitment","/ats/extensions","ATS_EXTENSIONS","","1"
"recruitment","/ats/form-config","","['admin','hr','super_admin']","1"
"recruitment","/ats/recruiter-portal","ATS_RECRUITER_PORTAL","","1"
"recruitment","/ats/name-consistency","NAME_CONSISTENCY_MATRIX","['admin','hr','super_admin','recruiter']","1"
"recruitment","/ats/bulk-import","ATS_BULK_IMPORT","['admin','super_admin']","1"
"recruitment","/offer-letter","ATS_OFFER","","1"
"recruitment","/recruitment/ijp","ijp_admin","['super_admin', 'hr', 'hr_admin', 'recruitment_hr']","1"
"visitor","/visitor-management","","","1"
"visitor","/visitor-management/approvals","","","1"
"visitor","/visitor-management/desk","","[...SECURITY_ROLES]","1"
"visitor","/visitor-management/security","","[...SECURITY_ROLES]","1"
"workforce","/attendance","","","1"
"workforce","/attendance/biometric-logs","","","1"
"workforce","/attendance/biometric-logs/:employeeId","","","1"
"workforce","/attendance-regularization","ATTENDANCE_REGULARIZATION","","1"
"workforce","/attendance/regularizations","","","1"
"workforce","/attendance/disputes","ATTENDANCE_DISPUTES","","1"
"workforce","/admin/discard-center","DISCARD_CENTER","['super_admin','wfm']","1"
"workforce","/attendance/billing-config","ATTENDANCE_BILLING_CONFIG","","1"
"workforce","/wfm/mismatch-queue","WFM_LIVE_TRACKER","","1"
"workforce","/wfm/attendance-exceptions","WFM_ATTENDANCE_EXCEPTIONS","","1"
"workforce","/attendance-rules-master","ATTENDANCE_RULES_MASTER","['super_admin','admin','hr']","1"
"workforce","/hr/attendance-lookup","ATTENDANCE_LOOKUP","['super_admin','admin','hr','payroll_head','payroll_admin','wfm']","1"
"workforce","/wfm/team-attendance","TEAM_ATTENDANCE","['super_admin','admin','hr','wfm','manager','assistant_manager','tl','team_leader','process_manager','branch_head']","1"
"workforce","/leaves","","","1"
"workforce","/leave-approvals","","","1"
"workforce","/leave/requests","","","1"
"workforce","/leave-types","LEAVE_TYPES","","1"
"workforce","/maternity-leave","MATERNITY_LEAVE","['super_admin','admin','hr']","1"
"workforce","/wfm/roster","WFM_ROSTER","","1"
"workforce","/wfm-roster","","","1"
"workforce","/wfm/roster-workspace","WFM_ROSTER","","1"
"workforce","/wfm/roster-pipeline","WFM_ROSTER","","1"
"workforce","/wfm/extensions","WFM_EXTENSIONS","","1"
"workforce","/wfm-manager-approvals","WFM_ROSTER","","1"
"workforce","/wfm/planning-rules","WFM_PLANNING_RULES","['super_admin','admin','wfm']","1"
"workforce","/wfm/slot-requirements","WFM_SLOT_REQUIREMENTS","['super_admin','admin','wfm']","1"
"workforce","/wfm/auto-roster","WFM_AUTO_ROSTER","","1"
"workforce","/wfm/weekoff-day-rules","WFM_WEEKOFF_DAY_RULES","['super_admin','admin','wfm']","1"
"workforce","/wfm/rest-policy","","['super_admin','admin','wfm','hr']","1"
"workforce","/wfm/week-off-default","","['super_admin','admin','wfm','hr','manager']","1"
"workforce","/wfm/weekoff-fairness","WFM_WEEKOFF_FAIRNESS","['super_admin','admin','wfm']","1"
"workforce","/workforce-planning","WFM_AUTO_ROSTER","","1"
"workforce","/workforce/aon-analytics","REPORTS_CENTER","","1"
"workforce","/my-roster","","","1"
"workforce","/roster-preference","WFM_ROSTER","","1"
"workforce","/week-off-preferences","","","1"
"workforce","/roster-master-builder","ROSTER_MASTER","","1"
"workforce","/roster-capacity-config","ROSTER_MASTER","","1"
"workforce","/wfm/live-tracker","WFM_LIVE_TRACKER","","1"
"workforce","/wfm/adherence-command-center","","","1"
"workforce","/wfm/agent-attendance-view","","","1"
"workforce","/wfm/cosec-monitoring","WFM_LIVE_TRACKER","","1"
"workforce","/rta-board","RTA_BOARD","","1"
"workforce","/business-command-center","BUSINESS_COMMAND_CENTER","['super_admin','admin','branch_head','operations_manager','ceo','coo','hr','manager','process_manager']","1"
"workforce","/business-actions","BUSINESS_ACTION_QUEUE","['super_admin','admin','branch_head','operations_manager','ceo','coo','hr','manager','process_manager','team_leader','tl']","1"
"workforce","/wfm/branch-spoc-config","WFM_BRANCH_SPOC_CONFIG","['super_admin','admin']","1"
"workforce","/wfm/break-desk-devices","WFM_BREAK_DESK_DEVICES","['super_admin','admin','wfm']","1"
"workforce","/break-management/devices","","","1"