action_plan	metric_id	kpi_metric_master	id	action_plan_ibfk_1
adherence_alert	employee_id	employees	id	adherence_alert_ibfk_1
ai_feedback	request_id	ai_provider_usage_log	id	ai_feedback_ibfk_1
appointment_letter_issue	employee_id	employees	id	fk_ali_employee
appraisal_rating	cycle_id	appraisal_cycle	id	appraisal_rating_ibfk_1
approval_action_log	request_id	approval_request	id	approval_action_log_ibfk_1
approval_request	workflow_id	approval_workflow_master	id	approval_request_ibfk_1
approval_workflow_step	workflow_id	approval_workflow_master	id	approval_workflow_step_ibfk_1
apr_eligibility_config	designation_id	designation_master	id	apr_eligibility_config_ibfk_1
apr_eligibility_config	department_id	department_master	id	apr_eligibility_config_ibfk_2
apr_eligibility_config	process_id	process_master	id	apr_eligibility_config_ibfk_3
asset_assignment	asset_id	asset_master	id	asset_assignment_ibfk_1
asset_assignment	employee_id	employees	id	asset_assignment_ibfk_2
asset_master	branch_id	branch_master	id	asset_master_ibfk_1
asset_movement_log	asset_id	asset_master	id	fk_aml_asset
asset_movement_log	employee_id	employees	id	fk_aml_employee
asset_service_log	asset_id	asset_master	id	asset_service_log_ibfk_1
ats_bgv_initiation	candidate_id	ats_candidate	id	ats_bgv_initiation_ibfk_1
ats_bgv_record	candidate_id	ats_candidate	id	ats_bgv_record_ibfk_1
ats_branch_head_approval	payroll_validation_id	ats_payroll_hr_validation	id	ats_branch_head_approval_ibfk_1
ats_candidate	recruiter_id	ats_recruiter_roster	id	fk_candidate_recruiter
ats_candidate_documents	candidate_id	ats_candidate	id	ats_candidate_documents_ibfk_1
ats_candidate_portal_access	candidate_id	ats_candidate	id	ats_candidate_portal_access_ibfk_1
ats_candidate_portal_login	candidate_id	ats_candidate	id	ats_candidate_portal_login_ibfk_1
ats_candidate_stage_log	candidate_id	ats_candidate	id	ats_candidate_stage_log_ibfk_1
ats_duplicate_log	candidate_id	ats_candidate	id	ats_duplicate_log_ibfk_1
ats_duplicate_log	matched_with_id	ats_candidate	id	ats_duplicate_log_ibfk_2
ats_email_log	candidate_id	ats_candidate	id	ats_email_log_ibfk_1
ats_employment_offer	onboarding_request_id	ats_onboarding_request	id	ats_employment_offer_ibfk_1
ats_employment_offer	candidate_id	ats_candidate	id	ats_employment_offer_ibfk_2
ats_employment_offer	department_id	department_master	id	ats_employment_offer_ibfk_3
ats_employment_offer	designation_id	designation_master	id	ats_employment_offer_ibfk_4
ats_employment_offer	reporting_manager_id	employees	id	ats_employment_offer_ibfk_5
ats_interview_approval_log	assignment_id	ats_interview_assignment	id	ats_interview_approval_log_ibfk_1
ats_interview_approval_log	candidate_id	ats_candidate	id	ats_interview_approval_log_ibfk_2
ats_interview_approval_log	approved_by	employees	id	ats_interview_approval_log_ibfk_3
ats_interview_assignment	candidate_id	ats_candidate	id	ats_interview_assignment_ibfk_1
ats_interview_assignment	interviewer_id	employees	id	ats_interview_assignment_ibfk_2
ats_interview_assignment	assigned_by	employees	id	ats_interview_assignment_ibfk_3
ats_interview_assignment	branch_id	branch_master	id	ats_interview_assignment_ibfk_4
ats_interview_assignment	process_id	process_master	id	ats_interview_assignment_ibfk_5
ats_interview_result	candidate_id	ats_candidate	id	ats_interview_result_ibfk_1
ats_interview_slot	branch_id	branch_master	id	ats_interview_slot_ibfk_1
ats_interview_slot	process_id	process_master	id	ats_interview_slot_ibfk_2
ats_interview_submission	process_id	process_master	id	fk_ais_process
ats_interview_submission	candidate_id	ats_candidate	id	fk_ats_interview_submission_candidate
ats_interview_submission_audit	submission_id	ats_interview_submission	id	fk_ats_interview_submission_audit_submission
ats_offer	candidate_id	ats_candidate	id	ats_offer_ibfk_1
ats_offer_acknowledgements	offer_letter_id	ats_offer_letters	id	ats_offer_acknowledgements_ibfk_1
ats_offer_approval	offer_id	ats_employment_offer	id	ats_offer_approval_ibfk_1
ats_offer_letters	candidate_id	ats_candidate	id	ats_offer_letters_ibfk_1
ats_offer_letters	template_id	ats_offer_letter_templates	id	ats_offer_letters_ibfk_2
ats_onboarding_bridge	candidate_id	ats_candidate	id	ats_onboarding_bridge_ibfk_1
ats_onboarding_bridge	employee_id	employees	id	ats_onboarding_bridge_ibfk_2
ats_onboarding_request	candidate_id	ats_candidate	id	ats_onboarding_request_ibfk_1
ats_onboarding_request	branch_id	branch_master	id	ats_onboarding_request_ibfk_2
ats_onboarding_tasks	candidate_id	ats_candidate	id	ats_onboarding_tasks_ibfk_1
ats_payroll_hr_validation	candidate_id	ats_candidate	id	ats_payroll_hr_validation_ibfk_1
ats_queue_token	candidate_id	ats_candidate	id	ats_queue_token_ibfk_1
ats_queue_token_history	queue_token_id	ats_queue_token	id	ats_queue_token_history_ibfk_1
ats_queue_token_history	candidate_id	ats_candidate	id	ats_queue_token_history_ibfk_2
ats_recruiter_assignment_log	candidate_id	ats_candidate	id	ats_recruiter_assignment_log_ibfk_1
ats_recruiter_session	recruiter_id	ats_recruiter_roster	id	ats_recruiter_session_ibfk_1
attendance_billing_config	process_id	process_master	id	attendance_billing_config_ibfk_1
attendance_billing_config	branch_id	branch_master	id	attendance_billing_config_ibfk_2
attendance_billing_config	designation_id	designation_master	id	attendance_billing_config_ibfk_3
attendance_billing_config	employee_id	employees	id	attendance_billing_config_ibfk_4
attendance_daily_record	employee_id	employees	id	attendance_daily_record_ibfk_1
attendance_daily_record	process_id	process_master	id	attendance_daily_record_ibfk_2
attendance_daily_record	branch_id	branch_master	id	attendance_daily_record_ibfk_3
attendance_daily_record	rule_config_id	attendance_rule_config	id	attendance_daily_record_ibfk_4
attendance_daily_record	regularization_id	attendance_regularization	id	attendance_daily_record_ibfk_5
attendance_exception	employee_id	employees	id	fk_att_exc_employee
attendance_manual_override	created_by	auth_user	id	fk_amo_created_by
attendance_manual_override	employee_id	employees	id	fk_amo_employee
attendance_reconciliation_record	employee_id	employees	id	attendance_reconciliation_record_ibfk_1
attendance_regularization	employee_id	employees	id	attendance_regularization_ibfk_1
attendance_regularization	reason_code	attendance_reason_master	code	fk_reg_reason_code
attendance_rule_config	designation_id	designation_master	id	attendance_rule_config_ibfk_1
attendance_rule_config	process_id	process_master	id	attendance_rule_config_ibfk_2
attendance_rule_config	branch_id	branch_master	id	attendance_rule_config_ibfk_3
attrition_record	employee_id	employees	id	attrition_record_ibfk_1
attrition_record	process_id	process_master	id	attrition_record_ibfk_2
attrition_record	branch_id	branch_master	id	attrition_record_ibfk_3
attrition_snapshot	branch_id	branch_master	id	attrition_snapshot_ibfk_1
attrition_snapshot	process_id	process_master	id	attrition_snapshot_ibfk_2
auth_inactive_access_log	employee_id	employees	id	auth_inactive_access_log_ibfk_1
auth_otp_reset	user_id	auth_user	id	auth_otp_reset_ibfk_1
auth_password_history	user_id	auth_user	id	auth_password_history_ibfk_1
auth_password_reset	user_id	auth_user	id	auth_password_reset_ibfk_1
auth_refresh_token	user_id	auth_user	id	auth_refresh_token_ibfk_1
biometric_attendance_log	employee_id	employees	id	biometric_attendance_log_ibfk_1
biometric_attendance_log	attendance_record_id	attendance_daily_record	id	biometric_attendance_log_ibfk_2
biometric_device_master	branch_id	branch_master	id	biometric_device_master_ibfk_1
branch_payroll_hr_signatory	branch_id	branch_master	id	fk_bphs_branch
branch_wfm_spoc_config	backup_spoc_user_id	employees	id	fk_bwsc_backup
branch_wfm_spoc_config	branch_id	branch_master	id	fk_bwsc_branch
branch_wfm_spoc_config	primary_spoc_user_id	employees	id	fk_bwsc_primary
break_alert_logs	break_session_id	break_sessions	id	break_alert_logs_ibfk_1
break_alert_logs	employee_id	employees	id	break_alert_logs_ibfk_2
break_alert_logs	manager_id	employees	id	break_alert_logs_ibfk_3
break_audit_logs	employee_id	employees	id	break_audit_logs_ibfk_1
break_audit_logs	kiosk_device_id	break_kiosk_devices	id	break_audit_logs_ibfk_2
break_daily_summary	employee_id	employees	id	break_daily_summary_ibfk_1
break_daily_summary	branch_id	branch_master	id	break_daily_summary_ibfk_2
break_daily_summary	process_id	process_master	id	break_daily_summary_ibfk_3
break_daily_summary	manager_id	employees	id	break_daily_summary_ibfk_4
break_daily_summary	active_break_id	break_sessions	id	break_daily_summary_ibfk_5
break_kiosk_devices	branch_id	branch_master	id	break_kiosk_devices_ibfk_1
break_kiosk_devices	process_id	process_master	id	break_kiosk_devices_ibfk_2
break_sessions	employee_id	employees	id	break_sessions_ibfk_1
break_sessions	branch_id	branch_master	id	break_sessions_ibfk_2
break_sessions	process_id	process_master	id	break_sessions_ibfk_3
break_sessions	department_id	department_master	id	break_sessions_ibfk_4
break_sessions	manager_id	employees	id	break_sessions_ibfk_5
break_sessions	kiosk_device_id	break_kiosk_devices	id	break_sessions_ibfk_6
break_settings	branch_id	branch_master	id	break_settings_ibfk_1
break_settings	process_id	process_master	id	break_settings_ibfk_2
campaign_master	process_id	process_master	id	campaign_master_ibfk_1
campaign_master	lob_id	lob_master	id	campaign_master_ibfk_2
candidate_digilocker_sessions	candidate_id	ats_candidate	id	candidate_digilocker_sessions_ibfk_1
candidate_payroll_review_flags	candidate_id	ats_candidate	id	candidate_payroll_review_flags_ibfk_1
chat_funnel_detail	conversion_funnel_event_id	conversion_funnel_event	id	chat_funnel_detail_ibfk_1
client_credit_note	cost_centre_id	cost_centre_master	id	fk_ccn_cost_centre
client_credit_note	invoice_id	client_invoice	id	fk_ccn_invoice
client_credit_note_line	credit_note_id	client_credit_note	id	fk_ccnl_credit_note
client_invoice	cost_centre_id	cost_centre_master	id	fk_ci_cost_centre
client_invoice_audit_log	invoice_id	client_invoice	id	fk_cial_invoice
client_invoice_line	invoice_id	client_invoice	id	fk_cil_invoice
client_po_number	cost_centre_id	cost_centre_master	id	fk_cpn_cost_centre
client_po_particular	invoice_id	client_invoice	id	fk_cpp_invoice
client_po_particular	po_id	client_po_number	id	fk_cpp_po
client_provision	cost_centre_id	cost_centre_master	id	fk_cp_cost_centre
client_provision_deduction	invoice_id	client_invoice	id	fk_cpd_invoice
client_provision_deduction	provision_id	client_provision	id	fk_cpd_provision
client_user	client_id	client_master	id	client_user_ibfk_1
coaching_session	employee_id	employees	id	coaching_session_ibfk_1
communication_preferences	employee_id	employees	id	fk_comm_prefs_emp
communication_template	created_by	employees	id	communication_template_ibfk_1
cost_centre_approval_log	cost_centre_id	cost_centre_master	id	fk_cc_approval_centre
cost_centre_contacts	cost_centre_id	cost_centre_master	id	fk_cc_contact_centre
cost_centre_master	branch_id	branch_master	id	cost_centre_master_ibfk_1
cost_centre_master	department_id	department_master	id	cost_centre_master_ibfk_2
cost_centre_master	client_id	client_master	id	fk_cc_client
cost_centre_master	lob_id	lob_master	id	fk_cc_lob
cost_centre_master	parent_cost_centre_id	cost_centre_master	id	fk_cc_parent
cost_centre_master	process_id	process_master	id	fk_cc_process
cost_centre_seat_rate	cost_centre_id	cost_centre_master	id	fk_ccsr_cost_centre
cost_centre_seat_rate	designation_id	designation_master	id	fk_ccsr_designation
creche_facility	branch_id	branch_master	id	creche_facility_ibfk_1
customization_application_log	rule_id	customization_rule	id	customization_application_log_ibfk_1
department_master	branch_id	branch_master	id	department_master_ibfk_1
department_master	parent_department_id	department_master	id	fk_dept_parent
designation_band_matrix	department_id	department_master	id	designation_band_matrix_ibfk_1
designation_band_matrix	designation_id	designation_master	id	designation_band_matrix_ibfk_2
designation_band_matrix	grade_id	grade_band_master	id	designation_band_matrix_ibfk_3
designation_band_matrix	min_slab_id	salary_slab_master	id	designation_band_matrix_ibfk_4
designation_master	grade_id	grade_band_master	id	fk_desig_grade
designation_role_map	role_key	workforce_role_catalog	role_key	designation_role_map_ibfk_1
development_plan	report_id	performance_feedback_report	report_id	development_plan_ibfk_1
development_plan	employee_id	employees	id	development_plan_ibfk_2
development_plan	manager_id	employees	id	development_plan_ibfk_3
development_plan_goal	plan_id	development_plan	plan_id	development_plan_goal_ibfk_1
development_plan_goal	competency_id	competency_master	competency_id	development_plan_goal_ibfk_2
development_plan_goal	training_need_id	training_need	id	development_plan_goal_ibfk_3
dialer_session_log	employee_id	employees	id	dialer_session_log_ibfk_1
dispatch_log	template_id	communication_template	id	dispatch_log_ibfk_1
dispatch_log	recipient_employee_id	employees	id	dispatch_log_ibfk_2
email_funnel_detail	conversion_funnel_event_id	conversion_funnel_event	id	email_funnel_detail_ibfk_1
employee_address	employee_id	employees	id	employee_address_ibfk_1
employee_badge_earned	badge_id	gamification_badge_master	badge_id	employee_badge_earned_ibfk_1
employee_badge_earned	employee_id	employees	id	employee_badge_earned_ibfk_2
employee_bank_detail	employee_id	employees	id	fk_bank_emp
employee_biometric_enrollment	employee_id	employees	id	employee_biometric_enrollment_ibfk_1
employee_biometric_enrollment	device_id	biometric_device_master	id	employee_biometric_enrollment_ibfk_2
employee_client_mapping	employee_id	employees	id	employee_client_mapping_ibfk_1
employee_contract	employee_id	employees	id	employee_contract_ibfk_1
employee_cost_centre_allocation	cost_centre_id	cost_centre_master	id	fk_ecca_cost_centre
employee_cost_centre_allocation	employee_id	employees	id	fk_ecca_employee
employee_deduction_entries	employee_id	employees	id	fk_ede_employee
employee_deductions_log	employee_id	employees	id	employee_deductions_log_ibfk_1
employee_document_esign_transaction	checklist_id	employee_joining_document_checklist	id	fk_edet_checklist
employee_document_esign_transaction	employee_id	employees	id	fk_edet_employee
employee_documents	employee_id	employees	id	employee_documents_ibfk_1
employee_education	employee_id	employees	id	employee_education_ibfk_1
employee_emergency_contact	employee_id	employees	id	fk_eec_emp
employee_epf_audit_log	employee_id	employees	id	fk_employee_epf_audit_employee
employee_epf_audit_log	profile_id	employee_epf_compliance_profile	id	fk_employee_epf_audit_profile
employee_epf_compliance_profile	employee_id	employees	id	fk_employee_epf_profile_employee
employee_epf_consent_receipt	employee_id	employees	id	fk_employee_epf_consent_employee
employee_epf_consent_receipt	profile_id	employee_epf_compliance_profile	id	fk_employee_epf_consent_profile
employee_epf_ecr_readiness	employee_id	employees	id	fk_employee_epf_ecr_employee
employee_epf_ecr_readiness	profile_id	employee_epf_compliance_profile	id	fk_employee_epf_ecr_profile
employee_epf_form_instance	employee_id	employees	id	fk_employee_epf_form_employee
employee_epf_form_instance	profile_id	employee_epf_compliance_profile	id	fk_employee_epf_form_profile
employee_epf_nominee	employee_id	employees	id	fk_employee_epf_nominee_employee
employee_epf_nominee	profile_id	employee_epf_compliance_profile	id	fk_employee_epf_nominee_profile
employee_epf_validation_result	employee_id	employees	id	fk_employee_epf_validation_employee
employee_epf_validation_result	profile_id	employee_epf_compliance_profile	id	fk_employee_epf_validation_profile
employee_exit_record	employee_id	employees	id	employee_exit_record_ibfk_1
employee_experience	employee_id	employees	id	employee_experience_ibfk_1
employee_external_mapping	employee_id	employees	id	employee_external_mapping_ibfk_1
employee_gamification_tier	current_tier_id	gamification_tier	id	employee_gamification_tier_ibfk_1
employee_gamification_tier	employee_id	employees	id	employee_gamification_tier_ibfk_2
employee_job_history	employee_id	employees	id	employee_job_history_ibfk_1
employee_job_history	from_manager_id	employees	id	employee_job_history_ibfk_2
employee_job_history	to_manager_id	employees	id	employee_job_history_ibfk_3
employee_joining_document_audit_log	employee_id	employees	id	fk_ejdal_employee
employee_joining_document_checklist	employee_id	employees	id	fk_ejdc_employee
employee_joining_document_field_value	checklist_id	employee_joining_document_checklist	id	fk_employee_joining_document_value_checklist
employee_joining_document_field_value	employee_id	employees	id	fk_employee_joining_document_value_employee
employee_joining_document_file	checklist_id	employee_joining_document_checklist	id	fk_ejdf_checklist
employee_joining_document_file	employee_id	employees	id	fk_ejdf_employee
employee_joining_document_public_token	checklist_id	employee_joining_document_checklist	id	fk_ejdpt_checklist
employee_joining_document_public_token	employee_id	employees	id	fk_ejdpt_employee
employee_joining_esign_kit	anchor_checklist_id	employee_joining_document_checklist	id	fk_ejek_anchor
employee_joining_esign_kit	employee_id	employees	id	fk_ejek_employee
employee_joining_esign_kit_item	checklist_id	employee_joining_document_checklist	id	fk_ejeki_checklist
employee_joining_esign_kit_item	kit_id	employee_joining_esign_kit	id	fk_ejeki_kit
employee_journey_log	employee_id	employees	id	employee_journey_log_ibfk_1
employee_kpi_assignment	employee_id	employees	id	employee_kpi_assignment_ibfk_1
employee_legacy_meta	employee_id	employees	id	employee_legacy_meta_ibfk_1
employee_lifecycle_event	employee_id	employees	id	employee_lifecycle_event_ibfk_1
employee_loans	employee_id	employees	id	employee_loans_ibfk_1
employee_loans	guarantor_emp_id	employees	id	employee_loans_ibfk_2
employee_nominee	employee_id	employees	id	employee_nominee_ibfk_1
employee_payroll_head_review	employee_id	employees	id	employee_payroll_head_review_ibfk_1
employee_payroll_head_review	salary_package_id	salary_package_master	id	employee_payroll_head_review_ibfk_2
employee_payroll_head_review	rejection_reason_code	payroll_head_review_reason_master	code	employee_payroll_head_review_ibfk_3
employee_payroll_head_review_history	employee_id	employees	id	employee_payroll_head_review_history_ibfk_1
employee_payroll_head_review_history	review_id	employee_payroll_head_review	id	employee_payroll_head_review_history_ibfk_2
employee_performance_daily_snapshot	employee_id	employees	id	fk_emp_perf_snapshot_employee
employee_pf_withdrawal	employee_id	employees	id	employee_pf_withdrawal_ibfk_1
employee_probation	employee_id	employees	id	employee_probation_ibfk_1
employee_reactivation_request	employee_id	employees	id	fk_rerq_employee
employee_reactivation_request	initiated_by	auth_user	id	fk_rerq_initiated_by
employee_salary_assignment	employee_id	employees	id	employee_salary_assignment_ibfk_1
employee_salary_snapshot	employee_id	employees	id	employee_salary_snapshot_ibfk_1
employee_seat_rate_override	employee_id	employees	id	fk_esro_employee
employee_skill	skill_id	skill_master	id	employee_skill_ibfk_1
employee_statutory_info	employee_id	employees	id	employee_statutory_info_ibfk_1
employee_task	employee_id	employees	id	employee_task_ibfk_1
employee_task	assigned_to_user_id	auth_user	id	employee_task_ibfk_2
employee_task	completed_by	auth_user	id	employee_task_ibfk_3
employee_task	template_id	task_template	id	employee_task_ibfk_4
employee_task_checklist	task_id	employee_task	id	employee_task_checklist_ibfk_1
employee_task_checklist	completed_by	auth_user	id	employee_task_checklist_ibfk_2
employee_task_comment	task_id	employee_task	id	employee_task_comment_ibfk_1
employee_task_comment	user_id	auth_user	id	employee_task_comment_ibfk_2
employee_tier_status	employee_id	employees	id	employee_tier_status_ibfk_1
employee_tier_status	current_tier_id	gamification_tier_master	tier_id	employee_tier_status_ibfk_2
employee_uan	employee_id	employees	id	fk_uan_employee
employees	branch_id	branch_master	id	employees_ibfk_1
employees	department_id	department_master	id	employees_ibfk_2
employees	process_id	process_master	id	employees_ibfk_3
employees	designation_id	designation_master	id	employees_ibfk_4
employees	cost_centre_id	cost_centre_master	id	fk_emp_cost_centre
employees	grade_id	grade_band_master	id	fk_emp_grade
employees	lob_id	lob_master	id	fk_emp_lob
employees	manager_id	employees	id	fk_emp_manager
exit_approval_log	exit_request_id	exit_request	id	exit_approval_log_ibfk_1
exit_clearance_checklist	exit_request_id	exit_request	id	exit_clearance_checklist_ibfk_1
exit_pass_approvals	approver_employee_id	employees	id	exit_pass_approvals_ibfk_approver
exit_pass_approvals	exit_pass_id	exit_pass_requests	id	exit_pass_approvals_ibfk_pass
exit_pass_audit_logs	exit_pass_id	exit_pass_requests	id	exit_pass_audit_logs_ibfk_pass
exit_pass_items	exit_pass_id	exit_pass_requests	id	exit_pass_items_ibfk_pass
exit_pass_requests	admin_employee_id	employees	id	exit_pass_requests_ibfk_admin
exit_pass_requests	branch_head_employee_id	employees	id	exit_pass_requests_ibfk_bh
exit_pass_requests	branch_id	branch_master	id	exit_pass_requests_ibfk_branch
exit_pass_requests	carrier_employee_id	employees	id	exit_pass_requests_ibfk_carrier_emp
exit_pass_requests	created_by	employees	id	exit_pass_requests_ibfk_creator
exit_pass_requests	destination_branch_id	branch_master	id	exit_pass_requests_ibfk_dest_branch
exit_pass_requests	exit_verified_by	employees	id	exit_pass_requests_ibfk_exit_verifier
exit_pass_requests	requestor_employee_id	employees	id	exit_pass_requests_ibfk_requestor
exit_pass_requests	return_responsible_employee_id	employees	id	exit_pass_requests_ibfk_return_resp
exit_pass_requests	return_verified_by	employees	id	exit_pass_requests_ibfk_return_verifier
exit_request	employee_id	employees	id	exit_request_ibfk_1
finance_budget_approval_log	budget_id	finance_budget_header	id	fk_budget_approval_header
finance_budget_closure_reopen_request	closure_id	finance_budget_subhead_closure	id	fk_budget_reopen_closure
finance_budget_closure_reopen_request	budget_id	finance_budget_header	id	fk_budget_reopen_header
finance_budget_line	budget_id	finance_budget_header	id	fk_budget_line_header
finance_budget_line_allocation	budget_line_id	finance_budget_line	id	fk_budget_line_allocation_line
finance_budget_line_correction	budget_id	finance_budget_header	id	fk_fblc_budget
finance_budget_line_tax_amendment	budget_id	finance_budget_header	id	fk_bltax_budget
finance_budget_subhead_closure	budget_id	finance_budget_header	id	fk_budget_subhead_closure_header
finance_budget_subhead_status	budget_id	finance_budget_header	id	fk_budget_subhead_budget
finance_budget_subhead_status	expense_head_id	finance_expense_head_master	id	fk_budget_subhead_head
finance_budget_subhead_status	expense_sub_head_id	finance_expense_sub_head_master	id	fk_budget_subhead_subhead
finance_budget_topup_request	budget_id	finance_budget_header	id	fk_budget_topup_header
finance_budget_topup_request	budget_line_id	finance_budget_line	id	fk_budget_topup_line
finance_budget_topup_request_split	topup_request_id	finance_budget_topup_request	id	fk_topup_split_request
finance_cost_centre_grade_driver	grade_id	grade_band_master	id	fk_grade_driver_grade
finance_cost_centre_mapping_history	cost_centre_id	cost_centre_master	id	fk_cc_mapping_history_cost_centre
finance_expense_sub_head_master	head_id	finance_expense_head_master	id	fk_finance_expense_sub_head_head
finance_meter_cost_centre_share	meter_id	finance_meter_master	id	fk_meter_share_meter
finance_meter_reading	meter_id	finance_meter_master	id	fk_meter_reading_meter
finance_meter_reconciliation	meter_id	finance_meter_master	id	fk_meter_reconciliation_meter
finance_pnl_component_master	parent_component_key	finance_pnl_component_master	component_key	fk_pnl_component_parent
full_final_calculation	exit_request_id	exit_request	id	fk_ff_exit_request
funnel_employee_performance	employee_id	employees	id	funnel_employee_performance_ibfk_1
gamification_point_log	employee_id	employees	id	gamification_point_log_ibfk_1
gamification_points_ledger	employee_id	employees	id	gamification_points_ledger_ibfk_1
generated_letter	employee_id	employees	id	generated_letter_ibfk_1
generated_letter	template_id	letter_template	id	generated_letter_ibfk_2
glide_path_commitment	metric_id	kpi_metric_master	id	glide_path_commitment_ibfk_1
governance_checklist_log	activity_id	governance_activity_master	id	governance_checklist_log_ibfk_1
gratuity_accrual_ledger	employee_id	employees	id	gratuity_accrual_ledger_ibfk_1
gratuity_calculation_audit	employee_id	employees	id	fk_gca_emp
gratuity_calculation_audit	exit_request_id	exit_request	id	fk_gca_exit
gratuity_distribution	exit_request_id	exit_request	id	gratuity_distribution_ibfk_1
gratuity_distribution	employee_id	employees	id	gratuity_distribution_ibfk_2
gratuity_distribution	nominee_id	employee_nominee	id	gratuity_distribution_ibfk_3
grievance	employee_id	employees	id	grievance_ibfk_1
grn_cost_allocation	budget_id	finance_budget_header	id	fk_grn_allocation_budget
grn_cost_allocation	budget_line_id	finance_budget_line	id	fk_grn_allocation_budget_line
grn_cost_allocation	invoice_component_id	grn_invoice_component	id	fk_grn_allocation_component
grn_cost_allocation	grn_request_id	grn_request	id	fk_grn_allocation_grn
grn_document	grn_request_id	grn_request	id	fk_grn_document_grn
grn_document_extraction	document_id	grn_document	id	fk_grn_extraction_document
grn_document_extraction	grn_request_id	grn_request	id	fk_grn_extraction_grn
grn_duplicate_match	grn_request_id	grn_request	id	fk_grn_duplicate_grn
grn_invoice_component	grn_request_id	grn_request	id	fk_grn_invoice_component_grn
grn_period_allocation	cost_allocation_id	grn_cost_allocation	id	fk_grn_period_allocation
grn_request	company_code	finance_company	company_code	fk_grn_company_code
grn_validation_override	grn_request_id	grn_request	id	fk_grn_validation_override_grn
grn_validation_result	grn_request_id	grn_request	id	fk_grn_validation_grn
gst_export_batch	generated_by	auth_user	id	fk_gst_batch_generated_by
gst_export_row	batch_id	gst_export_batch	id	fk_gst_row_batch
helpdesk_kb_feedback	article_id	helpdesk_kb_article	id	fk_kb_feedback_article
helpdesk_ticket	employee_id	employees	id	helpdesk_ticket_ibfk_1
helpdesk_ticket_comment	ticket_id	helpdesk_ticket	id	helpdesk_ticket_comment_ibfk_1
holiday_cost_centre_mapping	holiday_id	leave_holiday_master	id	holiday_cost_centre_mapping_ibfk_1
holiday_designation_mapping	holiday_id	leave_holiday_master	id	holiday_designation_mapping_ibfk_1
holiday_work_approval_log	request_id	holiday_work_request	id	holiday_work_approval_log_ibfk_1
holiday_work_auto_log	employee_id	employees	id	holiday_work_auto_log_ibfk_1
holiday_work_auto_log	holiday_id	leave_holiday_master	id	holiday_work_auto_log_ibfk_2
holiday_work_auto_log	policy_id	holiday_work_policy_master	id	holiday_work_auto_log_ibfk_3
holiday_work_request	holiday_id	leave_holiday_master	id	holiday_work_request_ibfk_1
holiday_work_request	payout_policy_id	holiday_work_policy_master	id	holiday_work_request_ibfk_2
holiday_work_request_designation	request_id	holiday_work_request	id	holiday_work_request_designation_ibfk_1
holiday_work_request_employee	request_id	holiday_work_request	id	holiday_work_request_employee_ibfk_1
holiday_work_request_employee	employee_id	employees	id	holiday_work_request_employee_ibfk_2
ijp_application	current_branch_id	branch_master	id	fk_ijp_app_cur_branch
ijp_application	current_department_id	department_master	id	fk_ijp_app_cur_dept
ijp_application	current_designation_id	designation_master	id	fk_ijp_app_cur_desg
ijp_application	current_process_id	process_master	id	fk_ijp_app_cur_proc
ijp_application	employee_id	employees	id	fk_ijp_app_employee
ijp_application	manager_id	employees	id	fk_ijp_app_manager
ijp_application	posting_id	ijp_posting	id	fk_ijp_app_posting
ijp_application	reviewed_by	employees	id	fk_ijp_app_reviewer
ijp_notification_queue	employee_id	employees	id	fk_ijp_notif_employee
ijp_notification_queue	posting_id	ijp_posting	id	fk_ijp_notif_posting
ijp_posting	branch_id	branch_master	id	fk_ijp_posting_branch
ijp_posting	department_id	department_master	id	fk_ijp_posting_department
ijp_posting	designation_id	designation_master	id	fk_ijp_posting_designation
ijp_posting	posted_by	employees	id	fk_ijp_posting_posted_by
ijp_posting	process_id	process_master	id	fk_ijp_posting_process
imprest_allocation	imprest_manager_id	imprest_manager	id	fk_imprest_allocation_manager
imprest_manager	branch_id	branch_master	id	fk_imprest_manager_branch
inbound_funnel_detail	conversion_funnel_event_id	conversion_funnel_event	id	inbound_funnel_detail_ibfk_1
incentive_upload_line	batch_id	incentive_upload_batch	id	incentive_upload_line_ibfk_1
integration_call_daily	integration_key	integration_config	integration_key	fk_call_daily_integration
integration_process_alias	process_id	process_master	id	integration_process_alias_ibfk_1
integration_raw_payload	run_id	integration_connector_run	id	integration_raw_payload_ibfk_1
integration_schedule	integration_key	integration_config	integration_key	integration_schedule_ibfk_1
integration_schema_snapshot	run_id	integration_connector_run	id	integration_schema_snapshot_ibfk_1
integration_table_map	integration_key	integration_config	integration_key	fk_table_map_integration
ispark_employee_staging	batch_id	ispark_migration_batch	id	ispark_employee_staging_ibfk_1
ispark_employee_staging	promoted_employee_id	employees	id	ispark_employee_staging_ibfk_2
it_provisioning_request	employee_id	employees	id	it_provisioning_request_ibfk_1
job_requisition_approval_log	requisition_id	job_requisition	id	job_requisition_approval_log_ibfk_1
job_requisition_candidate	requisition_id	job_requisition	id	job_requisition_candidate_ibfk_1
kpi_assignment	template_id	kpi_template	id	kpi_assignment_ibfk_1
kpi_daily_actual	employee_id	employees	id	kpi_daily_actual_ibfk_1
kpi_daily_actual	metric_id	kpi_metric_master	id	kpi_daily_actual_ibfk_2
kpi_employee_resolved	employee_id	employees	id	kpi_employee_resolved_ibfk_1
kpi_employee_resolved	metric_id	kpi_metric_master	id	kpi_employee_resolved_ibfk_2
kpi_master_config	metric_id	kpi_metric_master	id	kpi_master_config_ibfk_1
kpi_process_assignment	template_id	kpi_template	id	fk_kpa_template
kpi_score	employee_id	employees	id	kpi_score_ibfk_1
kpi_score	metric_id	kpi_metric_master	id	kpi_score_ibfk_2
kpi_template_metric	template_id	kpi_template	id	kpi_template_metric_ibfk_1
kpi_template_metric	metric_id	kpi_metric_master	id	kpi_template_metric_ibfk_2
kudos_giver_limit	employee_id	employees	id	kudos_giver_limit_ibfk_1
kudos_recognition	from_employee_id	employees	id	kudos_recognition_ibfk_1
kudos_recognition	to_employee_id	employees	id	kudos_recognition_ibfk_2
kudos_transaction	sender_id	employees	id	kudos_transaction_ibfk_1
kudos_transaction	receiver_id	employees	id	kudos_transaction_ibfk_2
kudos_transaction	kudos_template_id	kudos_master	kudos_template_id	kudos_transaction_ibfk_3
leave_approval_log	leave_request_id	leave_request	id	leave_approval_log_ibfk_1
leave_balance_deduction	leave_request_id	leave_request	id	leave_balance_deduction_ibfk_1
leave_balance_deduction	leave_type_id	leave_type_master	id	leave_balance_deduction_ibfk_2
leave_balance_ledger	employee_id	employees	id	leave_balance_ledger_ibfk_1
leave_balance_ledger	leave_type_id	leave_type_master	id	leave_balance_ledger_ibfk_2
leave_credit_schedule	leave_code	leave_type_master	leave_code	leave_credit_schedule_ibfk_1
leave_el_credit_log	employee_id	employees	id	leave_el_credit_log_ibfk_1
leave_el_credit_log	leave_type_id	leave_type_master	id	leave_el_credit_log_ibfk_2
leave_el_credit_log_legacy	employee_id	employees	id	leave_el_credit_log_legacy_ibfk_1
leave_holiday_master	branch_id	branch_master	id	leave_holiday_master_ibfk_1
leave_policy_config	leave_type_id	leave_type_master	id	leave_policy_config_ibfk_1
leave_request	employee_id	employees	id	leave_request_ibfk_1
leave_request	leave_type_id	leave_type_master	id	leave_request_ibfk_2
leave_roster_impact	employee_id	employees	id	leave_roster_impact_ibfk_1
legacy_sync_checkpoint	sync_map_id	legacy_sync_map	id	legacy_sync_checkpoint_ibfk_1
legacy_sync_exception	sync_map_id	legacy_sync_map	id	legacy_sync_exception_ibfk_1
legacy_sync_run_log	sync_map_id	legacy_sync_map	id	legacy_sync_run_log_ibfk_1
management_commentary_reply	commentary_id	management_commentary	id	management_commentary_reply_ibfk_1
management_kpi_summary	employee_id	employees	id	management_kpi_summary_ibfk_1
manager_raised_request	employee_id	employees	id	fk_mrr_employee
manpower_requisition	process_id	process_master	id	manpower_requisition_ibfk_1
manpower_requisition	branch_id	branch_master	id	manpower_requisition_ibfk_2
manpower_requisition	department_id	department_master	id	manpower_requisition_ibfk_3
manpower_requisition	designation_id	designation_master	id	manpower_requisition_ibfk_4
migration_row_log	run_id	migration_run	id	migration_row_log_ibfk_1
night_shift_incomplete_punch_log	employee_id	employees	id	fk_nsipl_emp
notification_preferences	employee_id	employees	id	notification_preferences_ibfk_1
onboarding_penny_drop_requests	candidate_id	ats_candidate	id	onboarding_penny_drop_requests_ibfk_1
outbound_funnel_detail	conversion_funnel_event_id	conversion_funnel_event	id	outbound_funnel_detail_ibfk_1
password_reset_tokens	user_id	auth_user	id	password_reset_tokens_ibfk_1
payroll_disbursement	run_id	salary_prep_run	id	fk_disbursement_run
payroll_new_joiner_holiday_override	employee_id	employees	id	payroll_new_joiner_holiday_override_ibfk_1
payroll_readiness_flag	employee_id	employees	id	payroll_readiness_flag_ibfk_1
payroll_readiness_snapshot	employee_id	employees	id	fk_prs_employee
payroll_recalculation_queue	employee_id	employees	id	payroll_recalculation_queue_ibfk_1
people_experience_action	employee_id	employees	id	people_experience_action_ibfk_1
people_experience_health_snapshot	employee_id	employees	id	people_experience_health_snapshot_ibfk_1
performance_alert	employee_id	employees	id	performance_alert_ibfk_1
performance_feedback_cycle	created_by	employees	id	performance_feedback_cycle_ibfk_1
performance_feedback_cycle	appraisal_cycle_id	appraisal_cycle	id	performance_feedback_cycle_ibfk_2
performance_feedback_report	cycle_id	performance_feedback_cycle	cycle_id	performance_feedback_report_ibfk_1
performance_feedback_report	employee_id	employees	id	performance_feedback_report_ibfk_2
performance_feedback_request	cycle_id	performance_feedback_cycle	cycle_id	performance_feedback_request_ibfk_1
performance_feedback_request	employee_id	employees	id	performance_feedback_request_ibfk_2
performance_feedback_request	reviewer_id	employees	id	performance_feedback_request_ibfk_3
performance_feedback_response	request_id	performance_feedback_request	request_id	performance_feedback_response_ibfk_1
performance_feedback_response	competency_id	competency_master	competency_id	performance_feedback_response_ibfk_2
pf_creation_batch_item	batch_id	pf_creation_batch	id	pf_creation_batch_item_ibfk_1
pf_creation_batch_item	employee_id	employees	id	pf_creation_batch_item_ibfk_2
pf_establishment_master	branch_id	branch_master	id	pf_establishment_master_ibfk_1
pf_policy_master	establishment_id	pf_establishment_master	id	pf_policy_master_ibfk_1
pip_checkpoint	pip_id	pip_record	id	pip_checkpoint_ibfk_1
pnl_period_signoff	finance_period_id	finance_period	id	fk_pnl_period_signoff_period
portal_roster_aggregate	cycle_id	weekly_roster_cycle	id	portal_roster_aggregate_ibfk_1
portal_roster_aggregate	process_id	process_master	id	portal_roster_aggregate_ibfk_2
process_configuration	process_id	process_master	id	fk_process_configuration_process
process_master	client_id	client_master	id	fk_process_client
process_master	branch_id	branch_master	id	process_master_ibfk_1
process_metric_definition	metric_id	kpi_metric_master	id	fk_pmd_metric
process_metric_definition	process_id	process_master	id	fk_pmd_process
process_quality_target	process_id	process_master	id	fk_pqt_process
process_revenue_daily	contract_id	client_contract_master	id	fk_prd_contract
process_role_billability	designation_id	designation_master	id	fk_prb_designation
process_role_billability	employee_id	employees	id	fk_prb_employee
process_role_billability	process_id	process_master	id	fk_prb_process
process_weekoff_capacity	process_id	process_master	id	process_weekoff_capacity_ibfk_1
process_weekoff_day_rule	branch_id	branch_master	id	fk_pwdr_branch
process_weekoff_day_rule	process_id	process_master	id	fk_pwdr_process
process_weekoff_rule	process_id	process_master	id	fk_pwr_process
profile_update_approval	employee_id	employees	id	fk_profile_upd_emp
pulse_response	pulse_id	pulse_check	id	pulse_response_ibfk_1
pulse_response	employee_id	employees	id	pulse_response_ibfk_2
qa_audit	employee_id	employees	id	fk_qa_employee
qa_audit	form_id	qa_audit_form	id	fk_qa_form
qa_audit	process_id	process_master	id	fk_qa_process
qa_audit_form	process_id	process_master	id	fk_qaf_process
qa_audit_form_parameter	form_id	qa_audit_form	id	fk_qafp_form
qa_audit_form_parameter	process_metric_definition_id	process_metric_definition	id	fk_qafp_metric_def
qa_audit_parameter_score	audit_id	qa_audit	id	fk_qaps_audit
qa_audit_parameter_score	form_parameter_id	qa_audit_form_parameter	id	fk_qaps_parameter
quarterly_return_file	obligation_id	quarterly_return_obligation	id	quarterly_return_file_ibfk_1
quarterly_return_obligation	deductor_id	tds_deductor	id	quarterly_return_obligation_ibfk_1
report_email_delivery	report_request_id	report_request	id	fk_red_request
report_generated_file	report_request_id	report_request	id	fk_rgf_request
report_subscription_run	subscription_id	report_subscription	id	fk_rsr_subscription
reporting_hierarchy	employee_id	employees	id	reporting_hierarchy_ibfk_1
reporting_hierarchy	reports_to_employee_id	employees	id	reporting_hierarchy_ibfk_2
role_kpi_snapshot	employee_id	employees	id	role_kpi_snapshot_ibfk_1
roster_assignment	employee_id	employees	id	roster_assignment_ibfk_1
roster_assignment	shift_template_id	wfm_shift_template	id	roster_assignment_ibfk_2
roster_change_log	cycle_id	weekly_roster_cycle	id	roster_change_log_ibfk_1
roster_coverage_action	cycle_id	weekly_roster_cycle	id	roster_coverage_action_ibfk_1
roster_daily_assignment	dispute_resolved_by	employees	id	fk_rda_dispute_resolver
roster_daily_assignment	cycle_id	weekly_roster_cycle	id	roster_daily_assignment_ibfk_1
roster_daily_assignment	employee_id	employees	id	roster_daily_assignment_ibfk_2
roster_daily_assignment	shift_template_id	wfm_shift_template	id	roster_daily_assignment_ibfk_3
roster_decision_audit	employee_id	employees	id	fk_rda_employee
roster_decision_audit	run_id	roster_generation_run	id	fk_rda_run
roster_generation_log	template_id	roster_template	id	roster_generation_log_ibfk_1
roster_generation_log	process_id	process_master	id	roster_generation_log_ibfk_2
roster_generation_log	generated_by	employees	id	roster_generation_log_ibfk_3
roster_generation_run	cycle_id	weekly_roster_cycle	id	fk_rgr_cycle
roster_template	process_id	process_master	id	roster_template_ibfk_1
roster_template	created_by	employees	id	roster_template_ibfk_2
rta_roster_sync_log	cycle_id	weekly_roster_cycle	id	fk_rrsl_cycle
salary_advance_log	employee_id	employees	id	salary_advance_log_ibfk_1
salary_component_assignments	package_id	salary_package_master	id	fk_sca_package
salary_dispute_attachment	dispute_id	salary_dispute	id	salary_dispute_attachment_ibfk_1
salary_increment_audit_log	request_id	salary_increment_request	id	fk_increment_audit_request
salary_increment_letter	employee_id	employees	id	fk_increment_letter_employee
salary_increment_letter	request_id	salary_increment_request	id	fk_increment_letter_request
salary_increment_request	current_assignment_id	employee_salary_assignment	id	fk_increment_current_assignment
salary_increment_request	employee_id	employees	id	fk_increment_employee
salary_increment_request	new_assignment_id	employee_salary_assignment	id	fk_increment_new_assignment
salary_payslip	prep_line_id	salary_prep_line	id	salary_payslip_ibfk_1
salary_payslip	employee_id	employees	id	salary_payslip_ibfk_2
salary_prep_line	run_id	salary_prep_run	id	salary_prep_line_ibfk_1
salary_prep_line	employee_id	employees	id	salary_prep_line_ibfk_2
salary_run_manual_tds	run_id	salary_prep_run	id	fk_srmt_run
salary_structure_component	structure_id	salary_structure_master	id	salary_structure_component_ibfk_1
salary_structure_component	component_id	salary_component_master	id	salary_structure_component_ibfk_2
shrinkage_daily_snapshot	process_id	process_master	id	shrinkage_daily_snapshot_ibfk_1
shrinkage_daily_snapshot	branch_id	branch_master	id	shrinkage_daily_snapshot_ibfk_2
survey_question	survey_id	survey_template	id	survey_question_ibfk_1
survey_response	survey_id	survey_template	id	survey_response_ibfk_1
survey_response	question_id	survey_question	id	survey_response_ibfk_2
survey_response	employee_id	employees	id	survey_response_ibfk_3
task_template_item	template_id	task_template	id	task_template_item_ibfk_1
task_template_item	task_id	task_master	id	task_template_item_ibfk_2
tax_declaration_form12bb_detail	declaration_id	tax_declaration	id	fk_tax12bb_declaration
tds_certificate_part_a	employee_id	employees	id	fk_tcpa_employee
tds_challan	deductor_id	tds_deductor	id	tds_challan_ibfk_1
tds_challan	matched_challan_id	tds_challan	id	tds_challan_ibfk_2
tds_csi_import_batch	deductor_id	tds_deductor	id	tds_csi_import_batch_ibfk_1
tds_deductor_branch	deductor_id	tds_deductor	id	tds_deductor_branch_ibfk_1
uat_approval	feedback_id	uat_feedback	id	fk_uat_appr_fb
uat_build_callback	build_run_id	uat_build_run	id	fk_uat_cb_run
uat_build_prompt	feedback_id	uat_feedback	id	fk_uat_prompt_fb
uat_build_run	feedback_id	uat_feedback	id	fk_uat_build_fb
uat_capability_hit	feedback_id	uat_feedback	id	fk_uat_caphit_fb
uat_checklist_evaluation	feedback_id	uat_feedback	id	fk_uat_eval_fb
uat_evidence_object	feedback_id	uat_feedback	id	fk_uat_evobj_fb
uat_feedback	submitted_by_employee_id	employees	id	fk_uat_fb_emp
uat_feedback_attachment	feedback_id	uat_feedback	id	fk_uat_att_fb
uat_feedback_comment	feedback_id	uat_feedback	id	fk_uat_cm_fb
uat_feedback_event	feedback_id	uat_feedback	id	fk_uat_ev_fb
uat_job	feedback_id	uat_feedback	id	fk_uat_job_fb
uat_llm_call	feedback_id	uat_feedback	id	fk_uat_llm_fb
uat_retest	feedback_id	uat_feedback	id	fk_uat_retest_fb
uat_static_scan	feedback_id	uat_feedback	id	fk_uat_scan_fb
upload_batch_row	upload_batch_id	upload_batch	id	upload_batch_row_ibfk_1
user_device_sessions	user_id	auth_user	id	user_device_sessions_ibfk_1
user_notification_preferences	user_id	auth_user	id	fk_user_notification_preferences_user
user_roles	role_key	workforce_role_catalog	role_key	user_roles_ibfk_1
vendor_bank_change_request	vendor_id	vendor_master	id	fk_vbcr_vendor
vendor_bank_detail	vendor_id	vendor_master	id	fk_vbd_vendor
vendor_branch_applicability	vendor_id	vendor_master	id	fk_vendor_branch_applicability
vendor_company_applicability	vendor_id	vendor_master	id	fk_vendor_company_applicability
vendor_expense_mapping	vendor_id	vendor_master	id	fk_vendor_expense_mapping_vendor
visitor_approval	approver_employee_id	employees	id	fk_visitor_approval_employee
visitor_approval	visit_id	visitor_visit	id	fk_visitor_approval_visit
visitor_badge	branch_id	branch_master	id	fk_visitor_badge_branch
visitor_badge	current_visit_id	visitor_visit	id	fk_visitor_badge_visit
visitor_belonging	visit_id	visitor_visit	id	fk_visitor_belonging_visit
visitor_check_event	badge_id	visitor_badge	id	fk_visitor_check_event_badge
visitor_check_event	visit_id	visitor_visit	id	fk_visitor_check_event_visit
visitor_companion	visit_id	visitor_visit	id	fk_visitor_companion_visit
visitor_configuration	branch_id	branch_master	id	fk_visitor_config_branch
visitor_consent	visitor_id	visitor_profile	id	fk_visitor_consent_profile
visitor_consent	visit_id	visitor_visit	id	fk_visitor_consent_visit
visitor_security_exception	visit_id	visitor_visit	id	fk_visitor_exception_visit
visitor_vehicle	visit_id	visitor_visit	id	fk_visitor_vehicle_visit
visitor_visit	branch_id	branch_master	id	fk_visitor_visit_branch
visitor_visit	host_employee_id	employees	id	fk_visitor_visit_host
visitor_visit	visitor_id	visitor_profile	id	fk_visitor_visit_profile
week_off_policy_default	process_id	process_master	id	week_off_policy_default_ibfk_1
week_off_policy_default	branch_id	branch_master	id	week_off_policy_default_ibfk_2
week_off_preference	employee_id	employees	id	week_off_preference_ibfk_1
week_off_preference	approved_by	employees	id	week_off_preference_ibfk_2
weekly_roster_cycle	process_id	process_master	id	weekly_roster_cycle_ibfk_1
weekly_roster_cycle	branch_id	branch_master	id	weekly_roster_cycle_ibfk_2
weekoff_allocation_log	process_id	process_master	id	weekoff_allocation_log_ibfk_1
weekoff_allocation_log	employee_id	employees	id	weekoff_allocation_log_ibfk_2
weekoff_allocation_log	preference_id	week_off_preference	id	weekoff_allocation_log_ibfk_3
weekoff_fairness_score	employee_id	employees	id	weekoff_fairness_score_ibfk_1
weekoff_preference_notification	employee_id	employees	id	weekoff_preference_notification_ibfk_1
weekoff_preference_notification	preference_id	week_off_preference	id	weekoff_preference_notification_ibfk_2
wfm_attendance_session	employee_id	employees	id	wfm_attendance_session_ibfk_1
wfm_break_log	session_id	wfm_attendance_session	id	wfm_break_log_ibfk_1
wfm_break_log	employee_id	employees	id	wfm_break_log_ibfk_2
wfm_coverage_snapshot	process_id	process_master	id	wfm_coverage_snapshot_ibfk_1
wfm_coverage_snapshot	branch_id	branch_master	id	wfm_coverage_snapshot_ibfk_2
wfm_external_punch_staging	device_id	wfm_facial_device_master	id	wfm_external_punch_staging_ibfk_1
wfm_facial_device_master	branch_id	branch_master	id	wfm_facial_device_master_ibfk_1
wfm_header_mapping_profile	process_id	process_master	id	wfm_header_mapping_profile_ibfk_1
wfm_process_planning_rule	branch_id	branch_master	id	fk_wppr_branch
wfm_process_planning_rule	process_id	process_master	id	fk_wppr_process
wfm_roster_assignment	employee_id	employees	id	wfm_roster_assignment_ibfk_1
wfm_roster_assignment	shift_id	wfm_shift_master	id	wfm_roster_assignment_ibfk_2
wfm_roster_assignment	plan_id	wfm_roster_plan	id	wfm_roster_assignment_ibfk_3
wfm_roster_conflict_log	employee_id	employees	id	fk_wrcl_employee
wfm_roster_import_batch	process_id	process_master	id	wfm_roster_import_batch_ibfk_1
wfm_roster_import_batch	branch_id	branch_master	id	wfm_roster_import_batch_ibfk_branch
wfm_roster_import_row	batch_id	wfm_roster_import_batch	id	wfm_roster_import_row_ibfk_1
wfm_roster_plan	process_id	process_master	id	wfm_roster_plan_ibfk_1
wfm_roster_plan	branch_id	branch_master	id	wfm_roster_plan_ibfk_2
wfm_roster_plan	shift_id	wfm_shift_master	id	wfm_roster_plan_ibfk_3
wfm_roster_swap_request	requester_emp_id	employees	id	wfm_roster_swap_request_ibfk_1
wfm_roster_swap_request	swap_with_emp_id	employees	id	wfm_roster_swap_request_ibfk_2
wfm_rta_exception	alert_id	adherence_alert	id	wfm_rta_exception_ibfk_1
wfm_rta_exception	employee_id	employees	id	wfm_rta_exception_ibfk_2
wfm_rta_exception	disposition_owner_id	auth_user	id	wfm_rta_exception_ibfk_3
wfm_shift_alias	shift_id	wfm_shift_master	id	wfm_shift_alias_ibfk_1
wfm_shift_template	process_id	process_master	id	wfm_shift_template_ibfk_1
wfm_shift_template	branch_id	branch_master	id	wfm_shift_template_ibfk_2
wfm_slot_requirement	branch_id	branch_master	id	fk_wsr_branch
wfm_slot_requirement	process_id	process_master	id	fk_wsr_process
wfm_slot_requirement	planning_rule_id	wfm_process_planning_rule	id	fk_wsr_rule
