module	files	loc	routes	tables_read	tables_written	cross_db	roles
ats	94	37534	315	155	115	-	<spread>|CEO_DASHBOARD|HR_DASHBOARD|MANAGEMENT_DASHBOARD|RECRUITER_DASHBOARD|SUPER_ADMIN_DASHBOARD|admin|branch_head|branch_hr|hr|hr_admin|manager|operations_manager|payroll|payroll_head|payroll_hr|recruiter|super_admin
payroll	75	33780	298	175	81	db_bill	<spread>|admin|branch_admin|branch_head|ceo|employee|finance|finance_head|hr|imprest_manager|payroll|payroll_admin|payroll_branch|payroll_head|payroll_hr|process_manager|super_admin|wfm
reporting	67	33206	38	202	7	-	<spread>|admin|super_admin
wfm	79	29276	209	121	62	ncosec	<spread>|admin|assistant_manager|branch_head|ceo|hr|manager|operations_manager|payroll_head|process_manager|super_admin|team_leader|tl|wfm
process-pnl	51	26176	140	131	46	-	<spread>|accounts_head|admin|branch_admin|finance_head|payroll|payroll_hr|super_admin
employees	47	20633	126	132	61	db_bill	<spread>|admin|branch_head|ceo|finance|finance_head|hr|hr_admin|hr_head|it_head|manager|payroll|payroll_admin|payroll_head|payroll_hr|process_manager|super_admin|tq_head|wfm
finance	36	17581	123	101	44	db_bill	<spread>|accounts_head|branch_head|finance_head|super_admin
ai	37	11139	29	61	16	-	admin|super_admin
_workers	48	9852	0	76	37	dialer_db|db_bill	-
management	25	9293	24	90	5	-	<spread>|CEO_DASHBOARD|HR_DASHBOARD|MANAGEMENT_DASHBOARD|OPERATIONS_DASHBOARD|QUALITY_DASHBOARD|SUPER_ADMIN_DASHBOARD|admin|assistant_manager|branch_head|ceo|finance|finance_head|hr|manager|payroll|payroll_head|payroll_hr|process_manager|qa|super_admin|team_leader
uat-pipeline	28	8979	43	41	17	-	<spread>
_shared	58	8973	0	60	20	-	-
ats-assessment	15	8891	34	30	12	-	admin|hr|recruitment_hr|super_admin
engagement	26	8685	85	68	36	-	admin|ceo|hr|manager|payroll_hr|process_manager|super_admin|team_leader
quality-dashboard	32	8310	93	40	9	dialer_db	<spread>|CEO_DASHBOARD|SUPER_ADMIN_DASHBOARD|admin|qa|super_admin
communication	32	6665	28	20	12	-	admin|hr|manager|process_manager|super_admin
kpi	20	5840	66	48	32	-	<spread>|CEO_DASHBOARD|MANAGEMENT_DASHBOARD|Quality|SUPER_ADMIN_DASHBOARD|WFM|admin|branch_head|ceo|employee|hr|manager|process_manager|qa|super_admin|team_leader
bulk-upload	20	5494	11	26	25	-	admin|hr|payroll|payroll_hr|super_admin|wfm|wfm_analyst
roster	20	5346	59	29	19	-	admin|hr|process_manager|wfm
dashboards	10	5118	15	53	2	-	<spread>
performance-ingestion	15	4862	21	19	14	-	<spread>|admin|super_admin
exit	19	4595	42	31	20	-	admin|branch_head|ceo|finance|hr|manager|operations_head|payroll|wfm
letters	15	3971	36	32	9	-	<spread>|admin|hr|payroll_head|super_admin
analytics	12	3861	6	27	2	-	admin|hr|manager|operations_manager|qa|super_admin
ats-full-parity	4	3778	17	27	18	-	admin|branch_head|ceo|hr|manager|process_manager|recruiter
it-provisioning	8	3634	32	29	20	-	<spread>|IT_MANAGER_DASHBOARD|admin|branch_admin|hr|it|super_admin|wfm
auth	10	3434	23	30	19	-	admin|hr|super_admin
performance-feedback	9	3411	28	21	13	-	<spread>|admin|hr|manager|qa
portal	19	3275	56	28	18	-	<spread>|admin|ceo|finance_head|hr|operations_manager|super_admin
break-management	3	3272	24	22	7	ncosec	-
_db	16	3152	0	38	25	apr|db_bill|dialer_db|db_masmis|ncosec	-
job-requisition	3	2783	28	19	9	lms	<spread>|assistant_manager|branch_head|hr|management|operations_manager|process_manager|recruiter|recruitment_hr|super_admin
integration-hub	14	2532	23	9	12	-	-
privacy	9	2507	39	22	17	-	admin|compliance|dpo|hr|super_admin
leave	8	2493	16	23	10	db_bill	admin|hr|super_admin
helpdesk	4	2405	39	14	5	-	<spread>|admin|branch_it|hr|it|it_admin|manager|process_manager|super_admin
lms	5	2070	28	33	10	lms	admin|branch_head|hr|operations_head|super_admin|trainer
access	5	2040	45	17	9	-	admin|hr|super_admin
legacy-reports	2	1927	3	44	0	-	<spread>
call-master	7	1893	56	5	0	dialer_db	-
client-billing	6	1828	16	11	10	-	<spread>
org-chart	6	1825	7	8	2	-	admin|hr|super_admin
integrations	6	1817	0	11	12	-	-
org	5	1782	29	13	13	-	admin|hr|super_admin
attendance	3	1582	15	13	5	-	admin|finance_head|payroll|super_admin
assets	5	1526	27	12	9	-	admin|hr
work-inbox	4	1486	10	12	2	-	admin|hr
_services	3	1482	4	17	3	-	-
inbox	3	1445	12	20	6	-	admin|hr|super_admin
payroll-head-review	2	1432	14	29	8	-	<spread>
visitor	7	1418	21	12	9	-	-
ijp	3	1385	15	8	5	-	branch_head|hr|hr_admin|operations_manager|process_manager|recruitment_hr|super_admin
workforce-mandate	5	1332	9	16	2	-	admin|branch_head|ceo|hr|manager|process_manager|super_admin|wfm
erp	3	1307	22	17	7	db_bill	accounts_head|admin|branch_admin|branch_head|finance|finance_head|hr|super_admin
mcnmeet	6	1290	15	5	5	-	<spread>
payroll-compliance	5	1273	7	22	10	-	admin|ceo|finance|hr|payroll
onboarding	8	1251	12	16	4	-	-
_platform	6	1225	0	6	0	-	-
expenses	7	1215	22	6	2	-	admin|branch_head|finance|hr|manager|process_manager
_scripts	7	1194	0	13	1	-	-
process-performance	2	1176	5	11	0	-	<spread>
discard	3	1175	5	11	6	-	-
operations	5	1172	5	10	0	-	<spread>|admin|branch_head|hr|manager|operations|process_manager
payroll-masters	5	1147	28	12	5	-	admin|finance|hr|payroll_head
rta	3	1129	13	14	5	-	admin|assistant_manager|finance|hr|manager|operations_manager|payroll|process_manager|team_leader|wfm
peopleos	2	1088	37	19	3	-	<spread>|admin|ceo|finance|hr|manager|payroll|process_manager|team_leader|wfm
incentives	4	1087	24	14	13	-	admin|finance|hr|payroll|payroll_hr|wfm|wfm_spoc
sales-upload	2	1083	18	4	1	-	admin|operations_manager|sales|super_admin
lms-integration	5	1038	5	12	6	lms	admin|agent|assistant_manager|branch_head|ceo|coo|employee|hr|manager|operations_manager|payroll|payroll_head|process_manager|qa|quality|quality_analyst|recruiter|recruitment_hr|super_admin|team_leader|tl|trainee|trainer|training_manager|wfm
compliance	5	1033	12	8	9	-	admin|finance|hr
customization	5	1007	10	5	3	-	admin|hr
migration	5	984	5	15	4	db_bill	admin|super_admin
business-intelligence	2	960	6	20	0	db_bill	<spread>|admin|branch_head|ceo|coo|finance_head|hr|manager|operations_manager|process_manager|qa|quality_analyst|super_admin|trainer
business-actions	4	944	17	13	4	-	-
performance-intelligence	6	936	4	8	0	-	-
salary-dispute	2	923	17	11	7	-	branch_head|cfo|manager|payroll|payroll_head|payroll_hr|process_manager|super_admin|wfm
goals	2	918	16	5	6	-	admin|hr|manager
mobility	2	896	6	11	6	-	admin|hr
people-experience	3	893	8	14	2	-	-
tasks	4	888	0	8	3	-	-
admin	3	885	13	6	0	-	-
_middleware	8	877	0	7	1	-	-
privacy-engine	9	857	1	4	1	-	-
files	2	817	6	7	1	-	admin|hr|payroll|payroll_hr|super_admin|wfm|wfm_analyst
_app.ts	1	796	0	1	0	-	-
process	7	767	8	5	4	-	admin|hr
gst	2	719	6	7	2	-	<spread>
wfm-extensions	2	708	10	10	5	-	admin|assistant_manager|branch_head|hr|manager|operations_manager|process_manager|team_leader|wfm
benefits	2	668	10	4	3	-	admin|hr|super_admin
legacy	4	662	9	5	2	db_bill	-
performance-dashboard	2	658	12	10	2	-	<spread>|admin|ceo|employee|hr|manager|process_manager|qa|quality_analyst|super_admin
email-templates	2	617	7	3	5	-	-
lifecycle	2	592	11	16	5	-	<spread>|admin|hr|super_admin
career	2	563	8	4	3	-	admin|hr
policy-engine	4	551	4	5	2	-	-
ats-extensions	2	537	15	10	5	-	<spread>|admin|hr
control-tower	2	507	10	13	2	-	admin|branch_head|ceo|hr|process_manager|qa|recruiter|trainer|wfm
governance	2	506	12	4	5	-	admin|hr
social-feed	8	497	4	2	2	-	hr_admin|super_admin
external-db	3	494	4	1	1	-	admin
dialer	3	484	0	0	0	-	-
_server.ts	1	474	0	1	0	-	-
_lib	3	473	0	8	1	-	-
performance-scorecard	4	462	1	6	1	-	assistant_manager|branch_head|branch_hr|branch_manager|ceo|coo|ho_hr|hr|hr_admin|management|manager|process_hr|process_manager|super_admin|team_leader|tl
_tests	1	442	0	0	0	-	-
_config	1	428	0	3	0	-	-
audit	1	425	2	2	0	-	-
jobs	2	425	7	2	2	-	admin|hr|recruiter
revenue-risk	2	417	5	10	2	-	-
salary-increment	3	412	5	8	3	-	admin|finance|hr
public	2	382	4	9	2	-	-
candidate-onboarding	2	371	6	6	4	-	-
account-control	2	338	9	2	2	-	admin|hr|super_admin
workflow	2	308	8	6	2	-	admin|hr|manager|super_admin|team_leader
_routes	1	299	5	2	0	-	admin|super_admin
location	1	278	3	6	3	-	-
business-command	2	247	8	10	2	-	-
salary-revision	2	240	3	6	3	-	<spread>
salary-change	2	216	2	10	3	-	<spread>
document-vault	1	204	0	2	3	-	-
security	1	166	4	2	1	-	-
apr	2	149	1	3	0	apr	-
_cron	1	138	0	0	0	-	-
_utils	2	121	0	1	0	-	-
_jobs	1	119	0	5	0	-	-
push	1	70	3	1	1	-	-
_logger.ts	1	2	0	0	0	-	-
