_migrations	0	0.0	utf8mb4_unicode_ci
absence_penalty_config	0	0.0	utf8mb4_unicode_ci
access_requests	13	0.1	utf8mb4_unicode_ci
account_control_log	0	0.0	utf8mb4_unicode_ci
action_plan	0	0.0	utf8mb4_unicode_ci
adherence_alert	0	0.1	utf8mb4_unicode_ci
ai_company_knowledge	6	0.1	utf8mb4_unicode_ci
ai_feedback	0	0.1	utf8mb4_unicode_ci
ai_prompt_audit_log	192	0.2	utf8mb4_unicode_ci
ai_provider_config	4	0.1	utf8mb4_unicode_ci
ai_provider_usage_log	440	0.2	utf8mb4_unicode_ci
ai_rate_limit_bucket	7	0.0	utf8mb4_unicode_ci
alert_cooldown	4	0.0	utf8mb4_unicode_ci
applicant	0	0.0	utf8mb4_unicode_ci
appointment_letter_audit	0	0.0	utf8mb4_unicode_ci
appointment_letter_audit_log	0	0.0	utf8mb4_unicode_ci
appointment_letter_issue	0	0.1	utf8mb4_unicode_ci
appointment_letter_issue_audit	0	0.0	utf8mb4_unicode_ci
appointment_letter_request	8	0.1	utf8mb4_unicode_ci
appraisal_cycle	0	0.0	utf8mb4_unicode_ci
appraisal_rating	0	0.0	utf8mb4_unicode_ci
approval_action_log	0	0.0	utf8mb4_unicode_ci
approval_discard_log	2	0.1	utf8mb4_unicode_ci
approval_request	2	0.1	utf8mb4_unicode_ci
approval_workflow_master	4	0.0	utf8mb4_unicode_ci
approval_workflow_step	5	0.0	utf8mb4_unicode_ci
apr	48912	10.0	utf8mb4_unicode_ci
apr_eligibility_config	65	0.1	utf8mb4_unicode_ci
apr_manual_upload	0	0.1	utf8mb4_unicode_ci
asset_assignment	0	0.0	utf8mb4_unicode_ci
asset_master	0	0.1	utf8mb4_unicode_ci
asset_movement_log	0	0.1	utf8mb4_unicode_ci
asset_service_log	0	0.0	utf8mb4_unicode_ci
ats_assessment_audit_log	4643	4.7	utf8mb4_unicode_ci
ats_assessment_mapping	31	0.0	utf8mb4_unicode_ci
ats_assessment_response	4397	11.5	utf8mb4_unicode_ci
ats_assessment_template	15	0.4	utf8mb4_unicode_ci
ats_bgv_initiation	0	0.0	utf8mb4_unicode_ci
ats_bgv_record	0	0.0	utf8mb4_unicode_ci
ats_bgv_response	0	0.0	utf8mb4_unicode_ci
ats_bgv_verification	2	0.0	utf8mb4_unicode_ci
ats_bgv_verification_details	6	0.1	utf8mb4_unicode_ci
ats_branch_alias_master	5	0.0	utf8mb4_unicode_ci
ats_branch_head_approval	33	0.1	utf8mb4_unicode_ci
ats_candidate	35097	138.4	utf8mb4_unicode_ci
ats_candidate_assessment	277	8.9	utf8mb4_unicode_ci
ats_candidate_confirmation	0	0.0	utf8mb4_unicode_ci
ats_candidate_documents	0	0.0	utf8mb4_unicode_ci
ats_candidate_file	2113	2.2	utf8mb4_unicode_ci
ats_candidate_file_access_audit	0	0.1	utf8mb4_unicode_ci
ats_candidate_portal_access	24	0.0	utf8mb4_unicode_ci
ats_candidate_portal_login	0	0.1	utf8mb4_unicode_ci
ats_candidate_stage_log	2717	2.2	utf8mb4_unicode_ci
ats_command_audit_log	0	0.0	utf8mb4_unicode_ci
ats_command_config	6	0.0	utf8mb4_unicode_ci
ats_command_email_log	1317	0.6	utf8mb4_unicode_ci
ats_command_sla_event	1396	0.4	utf8mb4_unicode_ci
ats_daily_branch_report_log	8	0.1	utf8mb4_unicode_ci
ats_doc_upload_response	0	0.0	utf8mb4_unicode_ci
ats_dropdown_list	0	0.0	utf8mb4_unicode_ci
ats_duplicate_log	0	0.0	utf8mb4_unicode_ci
ats_email_log	5575	3.3	utf8mb4_unicode_ci
ats_email_template	3	0.0	utf8mb4_unicode_ci
ats_employment_offer	44	0.1	utf8mb4_unicode_ci
ats_form_config	12	0.0	utf8mb4_unicode_ci
ats_form_field_mapping	0	0.0	utf8mb4_unicode_ci
ats_forms_catalog	0	0.0	utf8mb4_unicode_ci
ats_identity_otp	0	0.0	utf8mb4_unicode_ci
ats_incremental_repair_cursor	0	0.0	utf8mb4_unicode_ci
ats_interview_approval_log	0	0.1	utf8mb4_unicode_ci
ats_interview_assignment	1	0.1	utf8mb4_unicode_ci
ats_interview_result	2	0.1	utf8mb4_unicode_ci
ats_interview_slot	0	0.1	utf8mb4_unicode_ci
ats_interview_submission	1469	2.8	utf8mb4_unicode_ci
ats_interview_submission_audit	1030	1.8	utf8mb4_unicode_ci
ats_interviewer_eligibility	0	0.1	utf8mb4_unicode_ci
ats_notification_log	0	0.0	utf8mb4_unicode_ci
ats_offer	0	0.0	utf8mb4_unicode_ci
ats_offer_acknowledgements	0	0.0	utf8mb4_unicode_ci
ats_offer_approval	35	0.0	utf8mb4_unicode_ci
ats_offer_letter_templates	27	0.1	utf8mb4_unicode_ci
ats_offer_letters	0	0.1	utf8mb4_unicode_ci
ats_onboarding_bridge	532	0.4	utf8mb4_unicode_ci
ats_onboarding_request	527	0.3	utf8mb4_unicode_ci
ats_onboarding_task_templates	16	0.0	utf8mb4_unicode_ci
ats_onboarding_tasks	0	0.0	utf8mb4_unicode_ci
ats_payroll_hr_validation	34	0.0	utf8mb4_unicode_ci
ats_pii_redaction_config	8	0.0	utf8mb4_unicode_ci
ats_provider_transaction_log	78	1.6	utf8mb4_unicode_ci
ats_question_bank	264	0.3	utf8mb4_unicode_ci
ats_queue_token	1889	3.3	utf8mb4_unicode_ci
ats_queue_token_history	0	0.1	utf8mb4_unicode_ci
ats_recruiter	0	0.0	utf8mb4_unicode_ci
ats_recruiter_assignment_log	2178	2.0	utf8mb4_unicode_ci
ats_recruiter_branch_sync_audit	15	0.0	utf8mb4_unicode_ci
ats_recruiter_device	0	0.0	utf8mb4_unicode_ci
ats_recruiter_hiring_activity	44870	164.1	utf8mb4_unicode_ci
ats_recruiter_hiring_import_batch	38	0.1	utf8mb4_unicode_ci
ats_recruiter_hiring_import_error	15253	18.6	utf8mb4_unicode_ci
ats_recruiter_roster	29	0.1	utf8mb4_unicode_ci
ats_recruiter_session	0	0.1	utf8mb4_unicode_ci
ats_sensitive_action_log	131	0.2	utf8mb4_unicode_ci
ats_sourcing_channel	7	0.0	utf8mb4_unicode_ci
ats_typing_passage_bank	15	0.0	utf8mb4_unicode_ci
ats_typing_test_attempt	143	4.6	utf8mb4_unicode_ci
ats_voc_lookup	0	0.0	utf8mb4_unicode_ci
attendance_billing_config	0	0.1	utf8mb4_unicode_ci
attendance_daily_record	126044	300.8	utf8mb4_unicode_ci
attendance_data_quality_log	2	0.1	utf8mb4_unicode_ci
attendance_exception	0	0.1	utf8mb4_unicode_ci
attendance_feature_config	6	0.0	utf8mb4_unicode_ci
attendance_legacy_snapshot	2105841	724.5	utf8mb4_0900_ai_ci
attendance_manual_override	0	0.1	utf8mb4_unicode_ci
attendance_reason_master	12	0.0	utf8mb4_unicode_ci
attendance_reconciliation_cosec_exclusion	164	0.1	utf8mb4_unicode_ci
attendance_reconciliation_issue	15658	19.0	utf8mb4_unicode_ci
attendance_reconciliation_record	0	0.1	utf8mb4_unicode_ci
attendance_regularization	136932	106.6	utf8mb4_unicode_ci
attendance_rule_config	30	0.1	utf8mb4_unicode_ci
attendance_state_snapshot	30	0.1	utf8mb4_unicode_ci
attrition_record	0	0.1	utf8mb4_unicode_ci
attrition_snapshot	0	0.1	utf8mb4_unicode_ci
audit_action_log	70	0.1	utf8mb4_unicode_ci
audit_log	0	0.1	utf8mb4_unicode_ci
auth_inactive_access_log	0	0.0	utf8mb4_unicode_ci
auth_invitation	0	0.1	utf8mb4_unicode_ci
auth_otp_reset	117	0.1	utf8mb4_unicode_ci
auth_password_history	0	0.0	utf8mb4_unicode_ci
auth_password_policy	0	0.0	utf8mb4_unicode_ci
auth_password_reset	969	0.6	utf8mb4_unicode_ci
auth_password_reset_otp	0	0.0	utf8mb4_unicode_ci
auth_refresh_token	4219	6.7	utf8mb4_unicode_ci
auth_two_factor_challenge	80	0.1	utf8mb4_unicode_ci
auth_user	1350	0.7	utf8mb4_unicode_ci
bank_master	20	0.0	utf8mb4_unicode_ci
bank_penny_drop_log	6	0.1	utf8mb4_unicode_ci
benefit_enrollment	0	0.0	utf8mb4_unicode_ci
benefit_plan	0	0.0	utf8mb4_unicode_ci
bgv_auto_approve_correction_backup	48	0.0	utf8mb4_unicode_ci
bgv_providers	0	0.0	utf8mb4_unicode_ci
bill_client_snapshot	896	0.2	utf8mb4_unicode_ci
bill_revenue_actual_snapshot	307084	54.6	utf8mb4_unicode_ci
bill_revenue_target_snapshot	392158	68.7	utf8mb4_unicode_ci
billing_credit_note_line_snapshot	17	0.1	utf8mb4_unicode_ci
billing_credit_note_snapshot	19	0.0	utf8mb4_unicode_ci
billing_invoice	0	0.0	utf8mb4_unicode_ci
billing_invoice_particular_snapshot	665	0.3	utf8mb4_unicode_ci
billing_invoice_snapshot	10933	7.4	utf8mb4_unicode_ci
billing_provision_deduction_snapshot	385	0.1	utf8mb4_unicode_ci
billing_provision_snapshot	7396	3.2	utf8mb4_unicode_ci
billing_unit	0	0.0	utf8mb4_unicode_ci
biometric_attendance_log	174150	225.8	utf8mb4_unicode_ci
biometric_device_master	0	0.1	utf8mb4_unicode_ci
bmi_manual_input	0	0.0	utf8mb4_unicode_ci
bonus_calculation	0	0.0	utf8mb4_unicode_ci
brain_teaser	26	0.0	utf8mb4_unicode_ci
brain_teaser_attempt	5	0.0	utf8mb4_unicode_ci
branch_head_assignments	7	0.1	utf8mb4_unicode_ci
branch_master	45	0.1	utf8mb4_unicode_ci
branch_notification_recipient	4	0.1	utf8mb4_unicode_ci
branch_payroll_hr_signatory	0	0.0	utf8mb4_unicode_ci
branch_wfm_spoc_config	7	0.1	utf8mb4_unicode_ci
break_alert_logs	348	0.4	utf8mb4_unicode_ci
break_audit_logs	1359	2.2	utf8mb4_unicode_ci
break_daily_summary	543	0.7	utf8mb4_unicode_ci
break_kiosk_devices	5	0.1	utf8mb4_unicode_ci
break_sessions	822	1.3	utf8mb4_unicode_ci
break_settings	0	0.1	utf8mb4_unicode_ci
bulk_operation_jobs	0	0.1	utf8mb4_unicode_ci
bulk_upload_locked_entity	2	0.1	utf8mb4_unicode_ci
business_action_activity_log	146	0.2	utf8mb4_unicode_ci
business_action_comment	0	0.0	utf8mb4_unicode_ci
business_action_queue	146	0.2	utf8mb4_unicode_ci
business_policy_config	13	0.1	utf8mb4_unicode_ci
business_policy_config_history	5	0.0	utf8mb4_unicode_ci
campaign_master	0	0.1	utf8mb4_unicode_ci
candidate_autosave_events	0	0.0	utf8mb4_unicode_ci
candidate_bank_verification	87	0.1	utf8mb4_unicode_ci
candidate_bgv_api_request_log	955	3.1	utf8mb4_unicode_ci
candidate_bgv_check	506	1.8	utf8mb4_unicode_ci
candidate_bgv_consent	158	0.1	utf8mb4_unicode_ci
candidate_bgv_exception	0	0.0	utf8mb4_unicode_ci
candidate_bgv_provider_config	4	0.0	utf8mb4_unicode_ci
candidate_bgv_report	169	0.1	utf8mb4_unicode_ci
candidate_bgv_vendor_dispatch	0	0.1	utf8mb4_unicode_ci
candidate_bgv_verification_event	593	0.8	utf8mb4_unicode_ci
candidate_digilocker_session	102	0.2	utf8mb4_unicode_ci
candidate_digilocker_sessions	0	0.1	utf8mb4_unicode_ci
candidate_document_access_log	41	0.0	utf8mb4_unicode_ci
candidate_document_reupload_request	0	0.0	utf8mb4_unicode_ci
candidate_dpdp_consent_log	0	0.0	utf8mb4_unicode_ci
candidate_face_match	92	0.1	utf8mb4_unicode_ci
candidate_fraud_alert	23	0.1	utf8mb4_unicode_ci
candidate_manual_vendor_submission	0	0.0	utf8mb4_unicode_ci
candidate_name_match_detail	27	0.0	utf8mb4_unicode_ci
candidate_name_match_summary	11	0.0	utf8mb4_unicode_ci
candidate_name_override_audit	0	0.0	utf8mb4_unicode_ci
candidate_onboarding_audit_log	0	0.0	utf8mb4_unicode_ci
candidate_onboarding_autosave	0	0.0	utf8mb4_unicode_ci
candidate_onboarding_bank_detail	29433	17.4	utf8mb4_unicode_ci
candidate_onboarding_document	844	1.8	utf8mb4_unicode_ci
candidate_onboarding_experience	125	0.1	utf8mb4_unicode_ci
candidate_onboarding_family	118	0.0	utf8mb4_unicode_ci
candidate_onboarding_family_member	77	0.0	utf8mb4_unicode_ci
candidate_onboarding_language	118	0.0	utf8mb4_unicode_ci
candidate_onboarding_nominee	18	0.0	utf8mb4_unicode_ci
candidate_onboarding_otp	203	0.1	utf8mb4_unicode_ci
candidate_onboarding_profile	32252	21.1	utf8mb4_unicode_ci
candidate_onboarding_progress	0	0.0	utf8mb4_unicode_ci
candidate_onboarding_qualification	37327	12.1	utf8mb4_unicode_ci
candidate_onboarding_readiness	0	0.0	utf8mb4_unicode_ci
candidate_onboarding_section_status	497	0.2	utf8mb4_unicode_ci
candidate_onboarding_sessions	0	0.1	utf8mb4_unicode_ci
candidate_onboarding_submission_log	5196	7.5	utf8mb4_unicode_ci
candidate_otp_logs	0	0.0	utf8mb4_unicode_ci
candidate_payroll_review_flags	0	0.1	utf8mb4_unicode_ci
candidate_status_audit_log	0	0.0	utf8mb4_unicode_ci
candidate_validation_errors	0	0.0	utf8mb4_unicode_ci
candidate_workflow_state	0	0.0	utf8mb4_unicode_ci
career_path	0	0.0	utf8mb4_unicode_ci
change_doj_snapshot	1541	0.3	utf8mb4_unicode_ci
chat_funnel_detail	0	0.0	utf8mb4_0900_ai_ci
cheque_name_validation	0	0.0	utf8mb4_unicode_ci
client_contract_master	0	0.1	utf8mb4_unicode_ci
client_credit_note	139	0.1	utf8mb4_unicode_ci
client_credit_note_line	139	0.1	utf8mb4_unicode_ci
client_credit_note_migration_staging	144	0.1	utf8mb4_unicode_ci
client_invoice	10476	11.6	utf8mb4_unicode_ci
client_invoice_audit_log	0	0.0	utf8mb4_unicode_ci
client_invoice_line	8887	5.0	utf8mb4_unicode_ci
client_invoice_migration_staging	9922	11.9	utf8mb4_unicode_ci
client_invoice_number_sequence	74	0.0	utf8mb4_unicode_ci
client_master	44	0.0	utf8mb4_unicode_ci
client_po_number	1	0.0	utf8mb4_unicode_ci
client_po_particular	0	0.0	utf8mb4_unicode_ci
client_provision	0	0.0	utf8mb4_unicode_ci
client_provision_deduction	0	0.0	utf8mb4_unicode_ci
client_user	1	0.0	utf8mb4_unicode_ci
coaching_session	3	0.0	utf8mb4_unicode_ci
coffee_roulette_opt_in	0	0.0	utf8mb4_unicode_ci
coffee_roulette_pairing	0	0.1	utf8mb4_unicode_ci
communication_preferences	0	0.0	utf8mb4_unicode_ci
communication_provider_config	3	0.0	utf8mb4_unicode_ci
communication_template	13	0.1	utf8mb4_unicode_ci
company_event_master	2	0.0	utf8mb4_unicode_ci
company_post_audit_log	0	0.1	utf8mb4_unicode_ci
company_post_comments	4	0.0	utf8mb4_unicode_ci
company_post_creator_access	3	0.1	utf8mb4_unicode_ci
company_post_likes	7	0.1	utf8mb4_unicode_ci
company_post_media	6	0.1	utf8mb4_unicode_ci
company_posts	39	0.1	utf8mb4_unicode_ci
company_signing_certificate	1	0.0	utf8mb4_unicode_ci
company_signing_certificate_audit	2	0.0	utf8mb4_unicode_ci
competency_master	10	0.1	utf8mb4_unicode_ci
consent_text_version	0	0.0	utf8mb4_unicode_ci
contract_master	0	0.0	utf8mb4_unicode_ci
conversion_funnel_event	0	0.1	utf8mb4_0900_ai_ci
cosec_daily_agg	284196	35.6	utf8mb4_unicode_ci
cosec_punch_sync	3039163	390.2	utf8mb4_0900_ai_ci
cosec_sync_watermark	3	0.0	utf8mb4_unicode_ci
cosec_unmapped_users	99546	16.5	utf8mb4_unicode_ci
cosec_user_sync_queue	18	0.1	utf8mb4_unicode_ci
cost_center_billing_config	241	0.1	utf8mb4_unicode_ci
cost_centre_approval_log	2	0.0	utf8mb4_unicode_ci
cost_centre_contacts	0	0.1	utf8mb4_unicode_ci
cost_centre_master	922	2.6	utf8mb4_unicode_ci
cost_centre_reward_penalty	0	0.1	utf8mb4_unicode_ci
cost_centre_seat_rate	18	0.0	utf8mb4_unicode_ci
creche_facility	0	0.0	utf8mb4_unicode_ci
customization_application_log	0	0.1	utf8mb4_unicode_ci
customization_cache	0	0.1	utf8mb4_unicode_ci
customization_dimension	6	0.1	utf8mb4_unicode_ci
customization_rule	1	0.1	utf8mb4_unicode_ci
daily_tip	27	0.1	utf8mb4_unicode_ci
daily_tip_read	5	0.0	utf8mb4_unicode_ci
daily_trivia_question	27	0.1	utf8mb4_unicode_ci
daily_trivia_response	5	0.0	utf8mb4_unicode_ci
daily_word_attempt	4	0.0	utf8mb4_unicode_ci
daily_word_puzzle	27	0.0	utf8mb4_unicode_ci
dashboard_metric_catalog	19	0.0	utf8mb4_unicode_ci
dashboard_metric_snapshot	15169	11.5	utf8mb4_unicode_ci
dashboard_metric_target	0	0.1	utf8mb4_unicode_ci
dashboard_role_metric_config	401	0.2	utf8mb4_unicode_ci
data_breach_log	0	0.0	utf8mb4_unicode_ci
data_consent	891	0.5	utf8mb4_unicode_ci
data_processor_registry	7	0.0	utf8mb4_unicode_ci
data_retention_policy	7	0.0	utf8mb4_unicode_ci
data_rights_request	0	0.0	utf8mb4_unicode_ci
department_master	36	0.1	utf8mb4_unicode_ci
designation_band_matrix	0	0.1	utf8mb4_unicode_ci
designation_master	105	0.1	utf8mb4_unicode_ci
designation_role_map	0	0.1	utf8mb4_unicode_ci
development_plan	0	0.1	utf8mb4_unicode_ci
development_plan_goal	0	0.1	utf8mb4_unicode_ci
dialer_session_log	1364	1.0	utf8mb4_unicode_ci
dispatch_log	2765	3.5	utf8mb4_unicode_ci
doc_legacy_snapshot	268341	44.6	utf8mb4_unicode_ci
document_access_log	61	0.1	utf8mb4_unicode_ci
document_deletion_request	0	0.1	utf8mb4_unicode_ci
document_download_token	0	0.1	utf8mb4_unicode_ci
document_legal_hold	0	0.1	utf8mb4_unicode_ci
document_permission_policy	8	0.0	utf8mb4_unicode_ci
document_retention_policy	10	0.0	utf8mb4_unicode_ci
document_template_field_map	214	0.3	utf8mb4_unicode_ci
document_vault_inventory	15	0.1	utf8mb4_unicode_ci
dpdp_config	28	0.0	utf8mb4_unicode_ci
dpdp_consent_log	0	0.0	utf8mb4_unicode_ci
dpdp_consent_register	0	0.0	utf8mb4_unicode_ci
dpdp_consent_withdrawal	0	0.0	utf8mb4_unicode_ci
dpdp_nominee_registry	0	0.0	utf8mb4_unicode_ci
dpdp_processing_activity_log	0	0.0	utf8mb4_unicode_ci
dpdp_processing_hold	0	0.0	utf8mb4_unicode_ci
dpdp_processing_notice	0	0.0	utf8mb4_unicode_ci
dpdp_withdrawal_audit_log	0	0.0	utf8mb4_unicode_ci
dpdp_withdrawal_evidence	0	0.0	utf8mb4_unicode_ci
dpdp_withdrawal_task	0	0.0	utf8mb4_unicode_ci
email_funnel_detail	0	0.0	utf8mb4_0900_ai_ci
email_template_history	0	0.0	utf8mb4_unicode_ci
email_template_master	14	0.2	utf8mb4_unicode_ci
email_templates	0	0.0	utf8mb4_unicode_ci
employee_360_activity_log	0	0.0	utf8mb4_unicode_ci
employee_address	35178	17.6	utf8mb4_unicode_ci
employee_badge_earned	2057	2.6	utf8mb4_unicode_ci
employee_bank_detail	12272	10.2	utf8mb4_unicode_ci
employee_bank_detail_backfill_log	158	0.1	utf8mb4_unicode_ci
employee_biometric_enrollment	15156	11.8	utf8mb4_unicode_ci
employee_client_mapping	31760	16.6	utf8mb4_unicode_ci
employee_code_generation_log	0	0.0	utf8mb4_unicode_ci
employee_code_sequence	4	0.0	utf8mb4_unicode_ci
employee_contract	0	0.0	utf8mb4_unicode_ci
employee_cost_centre_allocation	0	0.1	utf8mb4_unicode_ci
employee_daily_login	9	0.1	utf8mb4_unicode_ci
employee_deduction_entries	1	0.1	utf8mb4_unicode_ci
employee_deductions_log	95	0.2	utf8mb4_unicode_ci
employee_document_access_log	44	0.0	utf8mb4_unicode_ci
employee_document_esign_transaction	46	0.1	utf8mb4_unicode_ci
employee_document_vault	0	0.0	utf8mb4_unicode_ci
employee_documents	150032	106.9	utf8mb4_unicode_ci
employee_documents_backup_20260711	197739	87.9	utf8mb4_unicode_ci
employee_education	0	0.0	utf8mb4_unicode_ci
employee_emergency_contact	35329	19.6	utf8mb4_unicode_ci
employee_epf_audit_log	0	0.0	utf8mb4_unicode_ci
employee_epf_compliance_profile	6	0.1	utf8mb4_unicode_ci
employee_epf_consent_receipt	0	0.1	utf8mb4_unicode_ci
employee_epf_ecr_readiness	4	0.0	utf8mb4_unicode_ci
employee_epf_form_instance	40	0.1	utf8mb4_unicode_ci
employee_epf_nominee	0	0.0	utf8mb4_unicode_ci
employee_epf_validation_result	21	0.1	utf8mb4_unicode_ci
employee_exit_record	0	0.1	utf8mb4_unicode_ci
employee_experience	0	0.0	utf8mb4_unicode_ci
employee_external_mapping	1537	0.7	utf8mb4_unicode_ci
employee_gamification_tier	0	0.1	utf8mb4_unicode_ci
employee_geofence_alerts	15207	5.5	utf8mb4_unicode_ci
employee_icebreaker_answer	0	0.0	utf8mb4_unicode_ci
employee_job_history	59893	35.7	utf8mb4_unicode_ci
employee_joining_document_audit_log	7244	10.1	utf8mb4_unicode_ci
employee_joining_document_checklist	362	0.4	utf8mb4_unicode_ci
employee_joining_document_field_value	6112	6.5	utf8mb4_unicode_ci
employee_joining_document_file	275	0.4	utf8mb4_unicode_ci
employee_joining_document_public_token	47	0.1	utf8mb4_unicode_ci
employee_joining_document_template	9	0.1	utf8mb4_unicode_ci
employee_joining_esign_kit	33	0.1	utf8mb4_unicode_ci
employee_joining_esign_kit_item	141	0.1	utf8mb4_unicode_ci
employee_journey_log	1863	3.6	utf8mb4_unicode_ci
employee_kpi_assignment	12720	8.4	utf8mb4_unicode_ci
employee_legacy_meta	35231	28.5	utf8mb4_unicode_ci
employee_lifecycle_event	32	0.0	utf8mb4_unicode_ci
employee_live_location	50	0.0	utf8mb4_unicode_ci
employee_loans	220	0.2	utf8mb4_unicode_ci
employee_lob_assignment	0	0.1	utf8mb4_unicode_ci
employee_location_history	57280	11.5	utf8mb4_unicode_ci
employee_manager_history	972	1.1	utf8mb4_unicode_ci
employee_move_snapshot	1087	0.3	utf8mb4_unicode_ci
employee_nominee	35571	14.1	utf8mb4_unicode_ci
employee_payroll_head_review	26	0.1	utf8mb4_unicode_ci
employee_payroll_head_review_history	14	0.0	utf8mb4_unicode_ci
employee_performance_daily_snapshot	4351	2.3	utf8mb4_unicode_ci
employee_pf_withdrawal	0	0.0	utf8mb4_unicode_ci
employee_probation	0	0.1	utf8mb4_unicode_ci
employee_reactivation_audit	0	0.0	utf8mb4_unicode_ci
employee_reactivation_request	0	0.1	utf8mb4_unicode_ci
employee_reactivation_requests	0	0.1	utf8mb4_unicode_ci
employee_reimbursement_claim	0	0.1	utf8mb4_unicode_ci
employee_retention_recommendation	0	0.1	utf8mb4_unicode_ci
employee_roster_preference	4	0.0	utf8mb4_unicode_ci
employee_salary_assignment	101094	49.3	utf8mb4_unicode_ci
employee_salary_assignment_backup_20260711	1515	0.8	utf8mb4_unicode_ci
employee_salary_change_log	0	0.0	utf8mb4_unicode_ci
employee_salary_date_revision_requests	0	0.0	utf8mb4_unicode_ci
employee_salary_history	12153	14.6	utf8mb4_unicode_ci
employee_salary_snapshot	34929	23.6	utf8mb4_unicode_ci
employee_seat_rate_override	0	0.0	utf8mb4_unicode_ci
employee_skill	0	0.1	utf8mb4_unicode_ci
employee_spotlight	0	0.0	utf8mb4_unicode_ci
employee_spotlight_nomination	0	0.0	utf8mb4_unicode_ci
employee_statutory_info	35550	18.9	utf8mb4_unicode_ci
employee_statutory_override	530	1.8	utf8mb4_unicode_ci
employee_task	0	0.2	utf8mb4_unicode_ci
employee_task_checklist	0	0.1	utf8mb4_unicode_ci
employee_task_comment	0	0.1	utf8mb4_unicode_ci
employee_tier_status	810	0.5	utf8mb4_unicode_ci
employee_uan	0	0.0	utf8mb4_unicode_ci
employees	59313	319.7	utf8mb4_unicode_ci
employees_backup_20260711	57508	36.6	utf8mb4_unicode_ci
engagement_contest	0	0.0	utf8mb4_unicode_ci
engagement_contest_entry	0	0.0	utf8mb4_unicode_ci
engagement_contest_vote	0	0.0	utf8mb4_unicode_ci
engagement_health_snapshot	0	0.0	utf8mb4_unicode_ci
engagement_rule_master	0	0.0	utf8mb4_unicode_ci
escalation_matrix_master	28	0.0	utf8mb4_unicode_ci
esic_contribution_summary	12	0.0	utf8mb4_unicode_ci
esign_notification_cooldown	40	0.0	utf8mb4_unicode_ci
esign_provider_transaction	0	0.0	utf8mb4_unicode_ci
exit_approval_log	14	0.0	utf8mb4_unicode_ci
exit_clearance_checklist	0	0.1	utf8mb4_unicode_ci
exit_clearance_task	28	0.1	utf8mb4_unicode_ci
exit_employee_health_snapshot	0	0.0	utf8mb4_unicode_ci
exit_interview_response	0	0.0	utf8mb4_unicode_ci
exit_pass_approvals	3	0.0	utf8mb4_unicode_ci
exit_pass_audit_logs	13	0.0	utf8mb4_unicode_ci
exit_pass_items	2	0.0	utf8mb4_unicode_ci
exit_pass_requests	5	0.2	utf8mb4_unicode_ci
exit_request	4	0.1	utf8mb4_unicode_ci
exit_retention_action	0	0.0	utf8mb4_unicode_ci
expense_categories	7	0.0	utf8mb4_unicode_ci
expense_claim	5427	3.8	utf8mb4_unicode_ci
expense_gl_hierarchy	20	0.0	utf8mb4_unicode_ci
expense_migration_staging	5444	2.5	utf8mb4_unicode_ci
expense_policy	7	0.0	utf8mb4_unicode_ci
festival_calendar	30	0.0	utf8mb4_unicode_ci
field_attendance_snapshot	106544	18.5	utf8mb4_unicode_ci
finance_action_audit_log	7	0.1	utf8mb4_unicode_ci
finance_approval_event	93	0.1	utf8mb4_unicode_ci
finance_budget_approval_log	152	0.1	utf8mb4_unicode_ci
finance_budget_closure_reopen_request	0	0.0	utf8mb4_unicode_ci
finance_budget_header	29	0.1	utf8mb4_unicode_ci
finance_budget_line	729	2.1	utf8mb4_unicode_ci
finance_budget_line_allocation	799	0.8	utf8mb4_unicode_ci
finance_budget_line_correction	0	0.1	utf8mb4_unicode_ci
finance_budget_line_snapshot	1091	0.3	utf8mb4_unicode_ci
finance_budget_line_tax_amendment	0	0.1	utf8mb4_unicode_ci
finance_budget_snapshot	1985	0.7	utf8mb4_unicode_ci
finance_budget_subhead_closure	0	0.0	utf8mb4_unicode_ci
finance_budget_subhead_status	133	0.1	utf8mb4_unicode_ci
finance_budget_topup_request	8	0.1	utf8mb4_unicode_ci
finance_budget_topup_request_split	2	0.0	utf8mb4_unicode_ci
finance_budget_transfer	0	0.1	utf8mb4_unicode_ci
finance_company	2	0.0	utf8mb4_unicode_ci
finance_config	2	0.0	utf8mb4_unicode_ci
finance_cost_centre_grade_driver	0	0.1	utf8mb4_unicode_ci
finance_cost_centre_mapping_history	927	0.3	utf8mb4_unicode_ci
finance_cost_centre_monthly_driver	117	0.1	utf8mb4_unicode_ci
finance_expense_head_master	30	0.1	utf8mb4_unicode_ci
finance_expense_head_snapshot	236	0.0	utf8mb4_unicode_ci
finance_expense_sub_head_master	63	0.1	utf8mb4_unicode_ci
finance_grn_monthly_sequence	0	0.0	utf8mb4_unicode_ci
finance_grn_sequence	17	0.0	utf8mb4_unicode_ci
finance_meter_cost_centre_share	0	0.0	utf8mb4_unicode_ci
finance_meter_master	3	0.1	utf8mb4_unicode_ci
finance_meter_reading	3	0.0	utf8mb4_unicode_ci
finance_meter_reconciliation	0	0.0	utf8mb4_unicode_ci
finance_payroll_entity_rule	2	0.0	utf8mb4_unicode_ci
finance_payroll_ledger_map	24	0.0	utf8mb4_unicode_ci
finance_payroll_voucher_cohort	0	0.0	utf8mb4_unicode_ci
finance_period	0	0.1	utf8mb4_unicode_ci
finance_pnl_component_master	45	0.0	utf8mb4_unicode_ci
finance_saved_view	0	0.0	utf8mb4_unicode_ci
full_final_calculation	1	0.0	utf8mb4_unicode_ci
funnel_daily_snapshot	0	0.1	utf8mb4_unicode_ci
funnel_employee_performance	0	0.1	utf8mb4_unicode_ci
funnel_org_performance	0	0.1	utf8mb4_unicode_ci
funnel_stage_config	19	0.0	utf8mb4_unicode_ci
gamification_badge_master	31	0.0	utf8mb4_unicode_ci
gamification_point_log	6004	4.8	utf8mb4_unicode_ci
gamification_points_ledger	2020	2.1	utf8mb4_unicode_ci
gamification_tier	4	0.1	utf8mb4_unicode_ci
gamification_tier_master	5	0.1	utf8mb4_unicode_ci
generated_letter	0	0.0	utf8mb4_unicode_ci
glide_path_commitment	0	0.1	utf8mb4_unicode_ci
global_event_log	0	0.1	utf8mb4_unicode_ci
goal	4	0.0	utf8mb4_unicode_ci
governance_activity_master	418	0.1	utf8mb4_unicode_ci
governance_checklist_log	0	0.0	utf8mb4_unicode_ci
grade_band_master	6	0.0	utf8mb4_unicode_ci
gratuity_accrual_ledger	3137	2.4	utf8mb4_unicode_ci
gratuity_calculation_audit	0	0.0	utf8mb4_unicode_ci
gratuity_distribution	0	0.1	utf8mb4_unicode_ci
grievance	0	0.1	utf8mb4_unicode_ci
grn_cost_allocation	1690	3.4	utf8mb4_unicode_ci
grn_document	45	0.1	utf8mb4_unicode_ci
grn_document_extraction	45	0.1	utf8mb4_unicode_ci
grn_duplicate_match	3	0.0	utf8mb4_unicode_ci
grn_entry_line_snapshot	1563	0.5	utf8mb4_unicode_ci
grn_entry_snapshot	6441	3.5	utf8mb4_unicode_ci
grn_invoice_component	14	0.0	utf8mb4_unicode_ci
grn_migration_branch_map	24	0.0	utf8mb4_unicode_ci
grn_period_allocation	21	0.1	utf8mb4_unicode_ci
grn_request	82168	209.8	utf8mb4_unicode_ci
grn_validation_override	0	0.0	utf8mb4_unicode_ci
grn_validation_result	373	0.3	utf8mb4_unicode_ci
gst_export_batch	0	0.1	utf8mb4_unicode_ci
gst_export_row	0	0.1	utf8mb4_unicode_ci
helpdesk_kb_article	0	0.1	utf8mb4_unicode_ci
helpdesk_kb_feedback	0	0.0	utf8mb4_unicode_ci
helpdesk_ticket	4	0.1	utf8mb4_unicode_ci
helpdesk_ticket_comment	0	0.0	utf8mb4_unicode_ci
holiday_cost_centre_mapping	0	0.1	utf8mb4_unicode_ci
holiday_designation_mapping	0	0.0	utf8mb4_unicode_ci
holiday_work_approval_log	0	0.0	utf8mb4_unicode_ci
holiday_work_auto_log	0	0.1	utf8mb4_unicode_ci
holiday_work_policy_master	0	0.1	utf8mb4_unicode_ci
holiday_work_request	0	0.1	utf8mb4_unicode_ci
holiday_work_request_designation	0	0.0	utf8mb4_unicode_ci
holiday_work_request_employee	0	0.0	utf8mb4_unicode_ci
hrms_launch_bootstrap_log	0	0.0	utf8mb4_unicode_ci
hrms_launch_invite_log	0	0.0	utf8mb4_unicode_ci
icebreaker_question	10	0.0	utf8mb4_unicode_ci
idc_employees_deletion_audit	8640	3.8	utf8mb4_unicode_ci
ijp_application	0	0.2	utf8mb4_unicode_ci
ijp_audit_log	0	0.1	utf8mb4_unicode_ci
ijp_notification_queue	0	0.1	utf8mb4_unicode_ci
ijp_posting	0	0.2	utf8mb4_unicode_ci
imprest_allocation	2686	3.1	utf8mb4_unicode_ci
imprest_allocation_sequence	1	0.0	utf8mb4_unicode_ci
imprest_manager	42	0.1	utf8mb4_unicode_ci
imprest_transaction_ledger	23780	36.4	utf8mb4_unicode_ci
inbound_funnel_detail	0	0.0	utf8mb4_0900_ai_ci
incentive_approval_step	0	0.0	utf8mb4_unicode_ci
incentive_master	7	0.0	utf8mb4_unicode_ci
incentive_payroll_register	0	0.0	utf8mb4_unicode_ci
incentive_upload_batch	1	0.0	utf8mb4_unicode_ci
incentive_upload_line	0	0.0	utf8mb4_unicode_ci
incentive_upload_snapshot	83417	20.1	utf8mb4_unicode_ci
incometax_legacy_snapshot	1509	0.3	utf8mb4_unicode_ci
integration_biometric_daily	58067	35.2	utf8mb4_unicode_ci
integration_call_daily	4929	3.5	utf8mb4_unicode_ci
integration_config	25	0.1	utf8mb4_unicode_ci
integration_config_credentials_bak_20260801	9	0.0	utf8mb4_unicode_ci
integration_connector_run	15086	7.3	utf8mb4_unicode_ci
integration_event_log	36628	25.6	utf8mb4_unicode_ci
integration_field_map	36	0.0	utf8mb4_unicode_ci
integration_field_map_suggestion	246	0.1	utf8mb4_unicode_ci
integration_mapping_exception	2	0.0	utf8mb4_unicode_ci
integration_process_alias	55	0.0	utf8mb4_unicode_ci
integration_raw_payload	2	106.5	utf8mb4_unicode_ci
integration_schedule	7	0.0	utf8mb4_unicode_ci
integration_schema_snapshot	2	0.1	utf8mb4_unicode_ci
integration_sync_run	5544	3.2	utf8mb4_unicode_ci
integration_table_map	9	0.0	utf8mb4_unicode_ci
ispark_employee_staging	0	0.1	utf8mb4_unicode_ci
ispark_migration_batch	0	0.0	utf8mb4_unicode_ci
it_provisioning_request	318	0.3	utf8mb4_unicode_ci
jclr_audit_log	0	0.0	utf8mb4_unicode_ci
jclr_detail	0	0.1	utf8mb4_unicode_ci
jclr_entries	0	0.1	utf8mb4_unicode_ci
job_posting	0	0.1	utf8mb4_unicode_ci
job_requisition	26	0.2	utf8mb4_unicode_ci
job_requisition_approval_log	57	0.1	utf8mb4_unicode_ci
job_requisition_candidate	445	0.4	utf8mb4_unicode_ci
joining_control_room_snapshot	0	0.0	utf8mb4_unicode_ci
knowledge_quiz	0	0.0	utf8mb4_unicode_ci
knowledge_quiz_attempt	0	0.0	utf8mb4_unicode_ci
knowledge_quiz_question	0	0.0	utf8mb4_unicode_ci
kpi_assignment	0	0.1	utf8mb4_unicode_ci
kpi_calculation_audit	0	0.0	utf8mb4_unicode_ci
kpi_capture_access_token	1	0.0	utf8mb4_unicode_ci
kpi_capture_submission	0	0.1	utf8mb4_unicode_ci
kpi_daily_actual	63697	51.2	utf8mb4_unicode_ci
kpi_data_source_mapping	0	0.0	utf8mb4_unicode_ci
kpi_employee_assignment	0	0.0	utf8mb4_unicode_ci
kpi_employee_resolved	165	0.1	utf8mb4_unicode_ci
kpi_formula_catalog	0	0.0	utf8mb4_unicode_ci
kpi_formula_version	12	0.0	utf8mb4_unicode_ci
kpi_manual_adjustment	0	0.0	utf8mb4_unicode_ci
kpi_master_config	566	0.4	utf8mb4_unicode_ci
kpi_master_config_bak_20260801	372	0.1	utf8mb4_unicode_ci
kpi_metric_master	93	0.0	utf8mb4_unicode_ci
kpi_metric_master_bak_20260801	23	0.0	utf8mb4_unicode_ci
kpi_process_assignment	0	0.1	utf8mb4_unicode_ci
kpi_process_config	291	0.3	utf8mb4_unicode_ci
kpi_process_template	0	0.0	utf8mb4_unicode_ci
kpi_rating_config	129	0.0	utf8mb4_unicode_ci
kpi_review_action	0	0.0	utf8mb4_unicode_ci
kpi_role_template	0	0.0	utf8mb4_unicode_ci
kpi_role_template_metric	0	0.0	utf8mb4_unicode_ci
kpi_score	0	0.1	utf8mb4_unicode_ci
kpi_score_detail	0	0.0	utf8mb4_unicode_ci
kpi_score_period	0	0.0	utf8mb4_unicode_ci
kpi_score_summary	0	0.0	utf8mb4_unicode_ci
kpi_target_master	10	0.0	utf8mb4_unicode_ci
kpi_template	0	0.0	utf8mb4_unicode_ci
kpi_template_metric	0	0.0	utf8mb4_unicode_ci
kudos_giver_limit	0	0.0	utf8mb4_unicode_ci
kudos_master	8	0.1	utf8mb4_unicode_ci
kudos_moderation_log	0	0.0	utf8mb4_unicode_ci
kudos_reaction	0	0.0	utf8mb4_unicode_ci
kudos_recognition	0	0.1	utf8mb4_unicode_ci
kudos_transaction	0	0.1	utf8mb4_unicode_ci
leave_approval_log	4198	3.0	utf8mb4_unicode_ci
leave_balance_deduction	0	0.0	utf8mb4_unicode_ci
leave_balance_ledger	12711	9.2	utf8mb4_unicode_ci
leave_credit_schedule	12	0.0	utf8mb4_unicode_ci
leave_el_accrual_ledger	1921	0.7	utf8mb4_unicode_ci
leave_el_credit_log	14853	14.4	utf8mb4_unicode_ci
leave_el_credit_log_legacy	0	0.0	utf8mb4_unicode_ci
leave_holiday_master	0	0.0	utf8mb4_unicode_ci
leave_policy_config	5	0.0	utf8mb4_unicode_ci
leave_policy_config_legacy	9	0.0	utf8mb4_unicode_ci
leave_request	27718	49.7	utf8mb4_unicode_ci
leave_request_status_repair_log	609	0.2	utf8mb4_unicode_ci
leave_reversal_log	0	0.1	utf8mb4_unicode_ci
leave_roster_impact	0	0.1	utf8mb4_unicode_ci
leave_type_master	12	0.0	utf8mb4_unicode_ci
leave_weekoff_reconciliation_log	0	0.1	utf8mb4_unicode_ci
legacy_history_snapshot	13188	2.0	utf8mb4_unicode_ci
legacy_mapping_candidates	0	0.0	utf8mb4_unicode_ci
legacy_payslip_snapshot	131008	93.3	utf8mb4_unicode_ci
legacy_salary_snapshot	30532	12.4	utf8mb4_unicode_ci
legacy_source_column_profile	0	0.0	utf8mb4_unicode_ci
legacy_source_table_profile	0	0.1	utf8mb4_unicode_ci
legacy_sync_checkpoint	6	0.0	utf8mb4_unicode_ci
legacy_sync_exception	0	0.1	utf8mb4_unicode_ci
legacy_sync_map	7	0.1	utf8mb4_unicode_ci
legacy_sync_run_log	0	0.1	utf8mb4_unicode_ci
letter_template	3	0.0	utf8mb4_unicode_ci
lms_admin_identity_map	0	0.1	utf8mb4_unicode_ci
lms_assessment_scores	522	0.4	utf8mb4_unicode_ci
lms_certification_snapshot	0	0.0	utf8mb4_unicode_ci
lms_employee_mapping	4383	3.1	utf8mb4_unicode_ci
lms_learner_progress	1243	0.8	utf8mb4_unicode_ci
lms_learning_progress_snapshot	1292	1.7	utf8mb4_unicode_ci
lms_mapping_audit	139201	84.8	utf8mb4_unicode_ci
lms_reminder_log	0	0.1	utf8mb4_unicode_ci
lms_sync_audit	1049	0.4	utf8mb4_unicode_ci
lms_sync_audit_log	11605	1.5	utf8mb4_unicode_ci
lob_master	5	0.0	utf8mb4_unicode_ci
location_master	0	0.0	utf8mb4_unicode_ci
login_announcement	0	0.0	utf8mb4_unicode_ci
management_commentary	0	0.0	utf8mb4_unicode_ci
management_commentary_reply	0	0.0	utf8mb4_unicode_ci
management_kpi_summary	0	0.0	utf8mb4_unicode_ci
management_risk_register	0	0.0	utf8mb4_unicode_ci
manager_raised_request	0	0.0	utf8mb4_unicode_ci
mandate_seat_history	339	0.3	utf8mb4_unicode_ci
manpower_requisition	0	0.1	utf8mb4_unicode_ci
master_activity_status_backup	1627	0.3	utf8mb4_unicode_ci
maternity_benefit_record	0	0.1	utf8mb4_unicode_ci
migration_error	7158	57.0	utf8mb4_0900_ai_ci
migration_error_log	22	0.1	utf8mb4_unicode_ci
migration_lock	0	0.0	utf8mb4_unicode_ci
migration_log	88176	20.5	utf8mb4_unicode_ci
migration_row_log	0	0.0	utf8mb4_unicode_ci
migration_run	0	0.0	utf8mb4_unicode_ci
minimum_wage_master	24	0.0	utf8mb4_unicode_ci
mira_action_audit_log	0	0.0	utf8mb4_unicode_ci
mira_fix_draft	0	0.0	utf8mb4_unicode_ci
module_access_audit_log	0	0.0	utf8mb4_unicode_ci
module_access_control	4	0.1	utf8mb4_unicode_ci
night_shift_incomplete_punch_log	0	0.1	utf8mb4_unicode_ci
notification_dispatch_block	0	0.0	utf8mb4_unicode_ci
notification_dispatch_claim	17	0.1	utf8mb4_unicode_ci
notification_event_config	68	0.1	utf8mb4_unicode_ci
notification_log	17467	19.4	utf8mb4_unicode_ci
notification_preferences	84	0.0	utf8mb4_unicode_ci
notification_template	28	0.1	utf8mb4_unicode_ci
od_register_snapshot	3083	1.8	utf8mb4_unicode_ci
offer_letter_approval	0	0.0	utf8mb4_unicode_ci
onboarding_document_master	11	0.0	utf8mb4_unicode_ci
onboarding_penny_drop_requests	2	0.1	utf8mb4_unicode_ci
org_chart_access_log	0	0.1	utf8mb4_unicode_ci
org_settings	44	0.0	utf8mb4_unicode_ci
outbound_funnel_detail	0	0.0	utf8mb4_0900_ai_ci
page_catalog	264	0.1	utf8mb4_unicode_ci
password_reset_tokens	0	0.1	utf8mb4_unicode_ci
payroll_attendance_conflict_review	268	0.3	utf8mb4_unicode_ci
payroll_bank_exception	0	0.1	utf8mb4_unicode_ci
payroll_branch_readiness	130	0.1	utf8mb4_unicode_ci
payroll_calculation_audit	237	0.3	utf8mb4_unicode_ci
payroll_calendar	0	0.0	utf8mb4_unicode_ci
payroll_compliance_issue	0	0.0	utf8mb4_unicode_ci
payroll_config_flags	18	0.0	utf8mb4_unicode_ci
payroll_deduction_type	7	0.0	utf8mb4_unicode_ci
payroll_disbursement	12	0.0	utf8mb4_unicode_ci
payroll_employee_component_snapshot	63609	27.7	utf8mb4_unicode_ci
payroll_head_review_reason_master	18	0.0	utf8mb4_unicode_ci
payroll_new_joiner_holiday_override	0	0.0	utf8mb4_unicode_ci
payroll_noc	0	0.1	utf8mb4_unicode_ci
payroll_readiness_flag	3054	1.0	utf8mb4_unicode_ci
payroll_readiness_snapshot	1550	0.9	utf8mb4_unicode_ci
payroll_recalculation_queue	21194	492.1	utf8mb4_unicode_ci
payroll_register_export_log	0	0.0	utf8mb4_unicode_ci
payroll_salary_slabs	16	0.1	utf8mb4_unicode_ci
payroll_tax_fy_config	4	0.0	utf8mb4_unicode_ci
payroll_tax_slab_master	28	0.0	utf8mb4_unicode_ci
payroll_validation_log	0	0.0	utf8mb4_unicode_ci
people_experience_action	0	0.1	utf8mb4_unicode_ci
people_experience_health_snapshot	0	0.1	utf8mb4_unicode_ci
performance_alert	0	0.0	utf8mb4_unicode_ci
performance_fact_lineage	0	0.1	utf8mb4_unicode_ci
performance_feedback_cycle	2	0.1	utf8mb4_unicode_ci
performance_feedback_report	0	0.1	utf8mb4_unicode_ci
performance_feedback_request	5	0.1	utf8mb4_unicode_ci
performance_feedback_response	0	0.1	utf8mb4_unicode_ci
performance_governance_audit	8	0.1	utf8mb4_unicode_ci
performance_identity_map	0	0.1	utf8mb4_unicode_ci
performance_ingestion_checkpoint	0	0.0	utf8mb4_unicode_ci
performance_ingestion_run	0	0.1	utf8mb4_unicode_ci
performance_mapping_version	0	0.0	utf8mb4_unicode_ci
performance_process_map	0	0.0	utf8mb4_unicode_ci
performance_publication_batch	0	0.0	utf8mb4_unicode_ci
performance_raw_record	0	0.1	utf8mb4_unicode_ci
performance_reconciliation_result	0	0.0	utf8mb4_unicode_ci
performance_source_dataset	1	0.1	utf8mb4_unicode_ci
performance_validation_result	0	0.0	utf8mb4_unicode_ci
pf_creation_audit_log	0	0.0	utf8mb4_unicode_ci
pf_creation_batch	0	0.1	utf8mb4_unicode_ci
pf_creation_batch_item	0	0.1	utf8mb4_unicode_ci
pf_establishment_master	0	0.0	utf8mb4_unicode_ci
pf_export_template	0	0.0	utf8mb4_unicode_ci
pf_policy_master	0	0.0	utf8mb4_unicode_ci
pip_checkpoint	0	0.0	utf8mb4_unicode_ci
pip_record	0	0.0	utf8mb4_unicode_ci
pnl_adjustment_journal	0	0.1	utf8mb4_unicode_ci
pnl_allocation_policy	0	0.0	utf8mb4_unicode_ci
pnl_cost_classification_rule	14	0.1	utf8mb4_unicode_ci
pnl_period_signoff	0	0.0	utf8mb4_unicode_ci
pnl_period_snapshot	0	0.0	utf8mb4_unicode_ci
pnl_period_snapshot_row	0	0.0	utf8mb4_unicode_ci
pnl_running_salary_snapshot	3859	6.2	utf8mb4_unicode_ci
policy_master	0	0.0	utf8mb4_unicode_ci
portal_access_log	1	0.0	utf8mb4_unicode_ci
portal_data_approval_queue	0	0.0	utf8mb4_unicode_ci
portal_notification	3	0.1	utf8mb4_unicode_ci
portal_otp	0	0.0	utf8mb4_unicode_ci
portal_published_snapshot	0	0.0	utf8mb4_unicode_ci
portal_roster_aggregate	0	0.0	utf8mb4_unicode_ci
portal_user_permissions	0	0.0	utf8mb4_unicode_ci
portal_user_sessions	0	0.1	utf8mb4_unicode_ci
posh_complaint	0	0.0	utf8mb4_unicode_ci
pre_auth_challenge	0	0.1	utf8mb4_unicode_ci
privacy_data_asset	0	0.1	utf8mb4_unicode_ci
privacy_data_sharing_log	0	0.1	utf8mb4_unicode_ci
privacy_disposal_certificate	0	0.0	utf8mb4_unicode_ci
privacy_field_role_policy	0	0.0	utf8mb4_unicode_ci
privacy_processing_purpose	10	0.0	utf8mb4_unicode_ci
privacy_retention_approval	0	0.0	utf8mb4_unicode_ci
privacy_retention_candidate	0	0.1	utf8mb4_unicode_ci
privacy_retention_run	860	0.2	utf8mb4_unicode_ci
privacy_system_registry	9	0.0	utf8mb4_unicode_ci
process_billing_rate	0	0.0	utf8mb4_unicode_ci
process_configuration	21	0.0	utf8mb4_unicode_ci
process_delivery_actual	0	0.1	utf8mb4_unicode_ci
process_lob_master	130	0.1	utf8mb4_unicode_ci
process_lob_monthly_plan	0	0.0	utf8mb4_unicode_ci
process_master	132	0.1	utf8mb4_unicode_ci
process_metric_definition	0	0.1	utf8mb4_unicode_ci
process_monthly_plan	0	0.0	utf8mb4_unicode_ci
process_performance_metrics	0	0.0	utf8mb4_unicode_ci
process_pnl_cost_component	0	0.1	utf8mb4_unicode_ci
process_quality_target	0	0.1	utf8mb4_unicode_ci
process_quality_target_audit	0	0.0	utf8mb4_unicode_ci
process_revenue_component	0	0.1	utf8mb4_unicode_ci
process_revenue_daily	0	0.1	utf8mb4_unicode_ci
process_revenue_rule	0	0.1	utf8mb4_unicode_ci
process_role_billability	0	0.1	utf8mb4_unicode_ci
process_weekoff_capacity	882	0.4	utf8mb4_unicode_ci
process_weekoff_day_rule	0	0.1	utf8mb4_unicode_ci
process_weekoff_rule	0	0.0	utf8mb4_unicode_ci
procurement_request	0	0.0	utf8mb4_unicode_ci
profile_update_approval	8	0.1	utf8mb4_unicode_ci
promotion_record	0	0.0	utf8mb4_unicode_ci
pt_correction_audit_20260717	5181	1.5	utf8mb4_unicode_ci
pt_slab_master	21	0.0	utf8mb4_unicode_ci
pulse_check	8	0.0	utf8mb4_unicode_ci
pulse_response	5	0.1	utf8mb4_unicode_ci
push_subscriptions	0	0.0	utf8mb4_unicode_ci
qa_audit	0	0.1	utf8mb4_unicode_ci
qa_audit_form	1	0.0	utf8mb4_unicode_ci
qa_audit_form_parameter	0	0.0	utf8mb4_unicode_ci
qa_audit_parameter_score	0	0.0	utf8mb4_unicode_ci
qual_attendance_snapshot	11346	1.8	utf8mb4_unicode_ci
qual_incentive_snapshot	3377	0.5	utf8mb4_unicode_ci
qual_leave_snapshot	18389	2.0	utf8mb4_unicode_ci
qual_salary_snapshot	9314	3.1	utf8mb4_unicode_ci
quarterly_return_file	0	0.0	utf8mb4_unicode_ci
quarterly_return_obligation	0	0.0	utf8mb4_unicode_ci
quick_poll	8	0.0	utf8mb4_unicode_ci
quick_poll_vote	17	0.0	utf8mb4_unicode_ci
rbac_matrix_applied_grants	0	0.0	utf8mb4_unicode_ci
recognition_campaign	0	0.0	utf8mb4_unicode_ci
reimbursement_claim	1	0.0	utf8mb4_unicode_ci
report_audit_event	357	0.2	utf8mb4_unicode_ci
report_download_token	0	0.1	utf8mb4_unicode_ci
report_email_delivery	5	0.1	utf8mb4_unicode_ci
report_generated_file	79	0.1	utf8mb4_unicode_ci
report_identity_source_snapshot	0	0.1	utf8mb4_unicode_ci
report_master	39	0.0	utf8mb4_unicode_ci
report_request	9	0.1	utf8mb4_unicode_ci
report_subscription	8	0.1	utf8mb4_unicode_ci
report_subscription_run	0	0.0	utf8mb4_unicode_ci
reporting_hierarchy	1531	0.8	utf8mb4_unicode_ci
reporting_manager_change_request	0	0.1	utf8mb4_unicode_ci
resignation_discussion	0	0.0	utf8mb4_unicode_ci
resignation_discussion_note	0	0.0	utf8mb4_unicode_ci
retention_offer	0	0.0	utf8mb4_unicode_ci
reward_catalog	0	0.0	utf8mb4_unicode_ci
reward_wheel_segment	8	0.0	utf8mb4_unicode_ci
reward_wheel_spin	0	0.0	utf8mb4_unicode_ci
rm_change_requests	7	0.1	utf8mb4_unicode_ci
role_kpi_snapshot	0	0.1	utf8mb4_unicode_ci
role_page_access	1738	0.6	utf8mb4_unicode_ci
role_page_access_backup_20260725_rbac_cleanup	1204	0.2	utf8mb4_unicode_ci
roster_assignment	0	0.1	utf8mb4_unicode_ci
roster_change_log	0	0.0	utf8mb4_unicode_ci
roster_coverage_action	0	0.0	utf8mb4_unicode_ci
roster_daily_assignment	0	0.1	utf8mb4_unicode_ci
roster_decision_audit	0	0.1	utf8mb4_unicode_ci
roster_generation_log	0	0.1	utf8mb4_unicode_ci
roster_generation_run	0	0.1	utf8mb4_unicode_ci
roster_template	1	0.0	utf8mb4_unicode_ci
rta_roster_sync_log	0	0.0	utf8mb4_unicode_ci
salary_advance_log	0	0.0	utf8mb4_unicode_ci
salary_band_master	14	0.0	utf8mb4_unicode_ci
salary_certificate_request	0	0.0	utf8mb4_unicode_ci
salary_component_assignments	4162	4.2	utf8mb4_unicode_ci
salary_component_assignments_backup_20260711	1049	0.4	utf8mb4_unicode_ci
salary_component_master	21	0.0	utf8mb4_unicode_ci
salary_cost_centre	27	0.0	utf8mb4_unicode_ci
salary_deduction_rule	10	0.0	utf8mb4_unicode_ci
salary_dispute	0	0.1	utf8mb4_unicode_ci
salary_dispute_attachment	0	0.0	utf8mb4_unicode_ci
salary_dispute_audit	0	0.1	utf8mb4_unicode_ci
salary_dispute_sla_config	2	0.0	utf8mb4_unicode_ci
salary_employee_verification	0	0.0	utf8mb4_unicode_ci
salary_exception_proposal	3	0.1	utf8mb4_unicode_ci
salary_increment_audit_log	0	0.0	utf8mb4_unicode_ci
salary_increment_letter	0	0.0	utf8mb4_unicode_ci
salary_increment_request	13495	13.1	utf8mb4_unicode_ci
salary_package_audit_log	0	0.0	utf8mb4_unicode_ci
salary_package_master	297	0.2	utf8mb4_unicode_ci
salary_package_master_old_schema	0	0.1	utf8mb4_unicode_ci
salary_package_state_wise	0	0.0	utf8mb4_unicode_ci
salary_payslip	131916	68.9	utf8mb4_unicode_ci
salary_prep_line	130331	221.6	utf8mb4_unicode_ci
salary_prep_line_adjustment	0	0.0	utf8mb4_unicode_ci
salary_prep_line_archive_20260731	1358	2.3	utf8mb4_unicode_ci
salary_prep_line_bk_20260829	93685	130.9	utf8mb4_unicode_ci
salary_prep_line_component	801573	921.7	utf8mb4_unicode_ci
salary_prep_line_component_archive_20260731	5242	7.1	utf8mb4_unicode_ci
salary_prep_line_component_bk_20260829	109129	96.3	utf8mb4_unicode_ci
salary_prep_run	103	0.1	utf8mb4_unicode_ci
salary_prep_run_archive_20260731	0	0.1	utf8mb4_unicode_ci
salary_prep_run_bak_20260801	66	0.0	utf8mb4_unicode_ci
salary_prep_run_bk_20260829	103	0.1	utf8mb4_unicode_ci
salary_proposal	0	0.1	utf8mb4_unicode_ci
salary_proposal_approval_step	0	0.1	utf8mb4_unicode_ci
salary_register	3	0.1	utf8mb4_unicode_ci
salary_register_audit_log	3	0.1	utf8mb4_unicode_ci
salary_run_disbursal	0	0.1	utf8mb4_unicode_ci
salary_run_manual_tds	0	0.1	utf8mb4_unicode_ci
salary_slab_master	15	0.0	utf8mb4_unicode_ci
salary_structure_component	59563	43.4	utf8mb4_unicode_ci
salary_structure_master	15535	4.8	utf8mb4_unicode_ci
salary_upload_snapshot	38478	11.5	utf8mb4_unicode_ci
salary_verification_flag	0	0.0	utf8mb4_unicode_ci
schema_migrations	521	0.1	utf8mb4_unicode_ci
schema_version	0	0.0	utf8mb4_unicode_ci
security_audit_event	2401	0.9	utf8mb4_unicode_ci
sensitive_action_log	79696	117.4	utf8mb4_unicode_ci
sensitive_data_access_log	0	0.1	utf8mb4_unicode_ci
shift_flexibility_config	0	0.0	utf8mb4_unicode_ci
shrinkage_daily_snapshot	43	0.1	utf8mb4_unicode_ci
skill_master	0	0.0	utf8mb4_unicode_ci
sms_config	0	0.0	utf8mb4_unicode_ci
smtp_config	0	0.0	utf8mb4_unicode_ci
social_feed_post	15	0.1	utf8mb4_unicode_ci
social_platform_config	3	0.0	utf8mb4_unicode_ci
source_sync_watermark	1	0.0	utf8mb4_unicode_ci
statutory_config	24	0.0	utf8mb4_unicode_ci
statutory_config_audit_log	0	0.1	utf8mb4_unicode_ci
statutory_config_history	0	0.0	utf8mb4_unicode_ci
statutory_config_version	24	0.1	utf8mb4_unicode_ci
statutory_declaration	0	0.0	utf8mb4_unicode_ci
statutory_declaration_audit_log	0	0.0	utf8mb4_unicode_ci
statutory_filing_record	4	0.1	utf8mb4_unicode_ci
stg_legacy_attendance	0	0.1	utf8mb4_unicode_ci
stg_legacy_branch_master	0	0.0	utf8mb4_unicode_ci
stg_legacy_employee_master	0	0.1	utf8mb4_unicode_ci
support_role_ratio	0	0.0	utf8mb4_unicode_ci
survey_master	2	0.1	utf8mb4_unicode_ci
survey_question	0	0.0	utf8mb4_unicode_ci
survey_response	0	0.1	utf8mb4_unicode_ci
survey_template	0	0.1	utf8mb4_unicode_ci
sync_log	0	0.0	utf8mb4_unicode_ci
task_escalation_log	0	0.0	utf8mb4_unicode_ci
task_master	21	0.1	utf8mb4_unicode_ci
task_tat_instance	0	0.1	utf8mb4_unicode_ci
task_template	3	0.1	utf8mb4_unicode_ci
task_template_item	276	0.2	utf8mb4_unicode_ci
tat_matrix_master	16	0.0	utf8mb4_unicode_ci
tax_declaration	1532	0.6	utf8mb4_unicode_ci
tax_declaration_form12bb_detail	0	0.0	utf8mb4_unicode_ci
tds_certificate_part_a	0	0.1	utf8mb4_unicode_ci
tds_challan	0	0.1	utf8mb4_unicode_ci
tds_csi_import_batch	0	0.0	utf8mb4_unicode_ci
tds_deductor	0	0.0	utf8mb4_unicode_ci
tds_deductor_branch	0	0.0	utf8mb4_unicode_ci
tenant_config	0	0.0	utf8mb4_unicode_ci
tenant_module_config	10	0.0	utf8mb4_unicode_ci
training_need	3	0.1	utf8mb4_unicode_ci
transfer_record	0	0.0	utf8mb4_unicode_ci
uat_approval	0	0.1	utf8mb4_unicode_ci
uat_approver_delegation	0	0.1	utf8mb4_unicode_ci
uat_build_callback	0	0.0	utf8mb4_unicode_ci
uat_build_prompt	0	0.0	utf8mb4_unicode_ci
uat_build_run	0	0.1	utf8mb4_unicode_ci
uat_capability_hit	0	0.1	utf8mb4_unicode_ci
uat_change_type_policy	7	0.0	utf8mb4_unicode_ci
uat_checklist_evaluation	0	0.1	utf8mb4_unicode_ci
uat_checklist_item	24	0.1	utf8mb4_unicode_ci
uat_evidence_object	0	0.1	utf8mb4_unicode_ci
uat_feedback	0	0.2	utf8mb4_unicode_ci
uat_feedback_attachment	0	0.1	utf8mb4_unicode_ci
uat_feedback_comment	0	0.0	utf8mb4_unicode_ci
uat_feedback_event	0	0.0	utf8mb4_unicode_ci
uat_gate_status	8	0.0	utf8mb4_unicode_ci
uat_job	0	0.1	utf8mb4_unicode_ci
uat_llm_call	0	0.1	utf8mb4_unicode_ci
uat_model_pricing	2	0.0	utf8mb4_unicode_ci
uat_pipeline_config	8	0.0	utf8mb4_unicode_ci
uat_release	0	0.1	utf8mb4_unicode_ci
uat_retest	0	0.1	utf8mb4_unicode_ci
uat_rollback	0	0.1	utf8mb4_unicode_ci
uat_sla_policy	4	0.0	utf8mb4_unicode_ci
uat_static_scan	0	0.0	utf8mb4_unicode_ci
upload_batch	37	0.1	utf8mb4_unicode_ci
upload_batch_row	3898	3.3	utf8mb4_unicode_ci
upload_deduction_snapshot	13234	3.6	utf8mb4_unicode_ci
upload_template_master	19	0.0	utf8mb4_unicode_ci
user_assignment_scope	117	0.1	utf8mb4_unicode_ci
user_device_sessions	2173	2.8	utf8mb4_unicode_ci
user_hr_request	0	0.1	utf8mb4_unicode_ci
user_notification_preferences	7	0.0	utf8mb4_unicode_ci
user_page_access	213	0.2	utf8mb4_unicode_ci
user_page_access_audit	162	0.1	utf8mb4_unicode_ci
user_roles	1622	0.9	utf8mb4_unicode_ci
v_active_customization_rules	0	0.0	NULL
v_cosec_employee_feed	0	0.0	NULL
v_customization_application_summary	0	0.0	NULL
v_customization_cache_stats	0	0.0	NULL
v_employee_deductions_summary	0	0.0	NULL
v_employee_loans_summary	0	0.0	NULL
v_mandate_seat_trend	0	0.0	NULL
v_month_working_days	0	0.0	NULL
v_monthly_deductions_summary	0	0.0	NULL
vendor_advance_adjustment	0	0.0	utf8mb4_unicode_ci
vendor_advance_payment	0	0.1	utf8mb4_unicode_ci
vendor_approval_request	0	0.1	utf8mb4_unicode_ci
vendor_bank_change_request	0	0.0	utf8mb4_unicode_ci
vendor_bank_detail	0	0.0	utf8mb4_unicode_ci
vendor_bank_detail_log	0	0.1	utf8mb4_unicode_ci
vendor_branch_applicability	0	0.0	utf8mb4_unicode_ci
vendor_company_applicability	0	0.0	utf8mb4_unicode_ci
vendor_debit_note	0	0.1	utf8mb4_unicode_ci
vendor_expense_mapping	1579	1.3	utf8mb4_unicode_ci
vendor_master	1821	0.6	utf8mb4_unicode_ci
vendor_payment_allocation	0	0.0	utf8mb4_unicode_ci
vendor_payment_tracking	13899	28.7	utf8mb4_unicode_ci
vendor_payment_transaction	12069	14.1	utf8mb4_unicode_ci
visitor_approval	4	0.1	utf8mb4_unicode_ci
visitor_badge	0	0.1	utf8mb4_unicode_ci
visitor_belonging	0	0.0	utf8mb4_unicode_ci
visitor_check_event	2	0.1	utf8mb4_unicode_ci
visitor_companion	0	0.0	utf8mb4_unicode_ci
visitor_configuration	0	0.0	utf8mb4_unicode_ci
visitor_consent	4	0.0	utf8mb4_unicode_ci
visitor_profile	2	0.0	utf8mb4_unicode_ci
visitor_security_exception	0	0.0	utf8mb4_unicode_ci
visitor_vehicle	0	0.0	utf8mb4_unicode_ci
visitor_visit	4	0.1	utf8mb4_unicode_ci
vw_process_lob_grn_allocation	0	0.0	NULL
vw_process_pnl_grn_allocation	0	0.0	NULL
vw_vendor_payment_lob_allocation	0	0.0	NULL
walkin_queue	0	0.1	utf8mb4_unicode_ci
week_off_policy_default	0	0.1	utf8mb4_unicode_ci
week_off_preference	0	0.1	utf8mb4_unicode_ci
weekly_roster_cycle	5	0.1	utf8mb4_unicode_ci
weekoff_allocation_log	3	0.1	utf8mb4_unicode_ci
weekoff_fairness_score	0	0.1	utf8mb4_unicode_ci
weekoff_preference_notification	0	0.1	utf8mb4_unicode_ci
wfh_attendance_snapshot	275724	45.1	utf8mb4_unicode_ci
wfm_attendance_session	54799	50.4	utf8mb4_unicode_ci
wfm_break_log	0	0.0	utf8mb4_unicode_ci
wfm_client_slot_requirement	0	0.1	utf8mb4_unicode_ci
wfm_coverage_snapshot	0	0.1	utf8mb4_unicode_ci
wfm_external_punch_staging	0	0.1	utf8mb4_unicode_ci
wfm_facial_device_master	0	0.0	utf8mb4_unicode_ci
wfm_header_mapping_profile	0	0.0	utf8mb4_unicode_ci
wfm_process_planning_rule	0	0.1	utf8mb4_unicode_ci
wfm_rest_override_log	0	0.0	utf8mb4_unicode_ci
wfm_rest_policy	3	0.1	utf8mb4_unicode_ci
wfm_roster_acknowledgement	0	0.0	utf8mb4_unicode_ci
wfm_roster_approval_log	0	0.0	utf8mb4_unicode_ci
wfm_roster_assignment	406015	423.1	utf8mb4_unicode_ci
wfm_roster_assignment_control	0	0.0	utf8mb4_unicode_ci
wfm_roster_change_request	0	0.0	utf8mb4_unicode_ci
wfm_roster_conflict_log	0	0.1	utf8mb4_unicode_ci
wfm_roster_coverage_matrix	0	0.0	utf8mb4_unicode_ci
wfm_roster_event_log	0	0.1	utf8mb4_unicode_ci
wfm_roster_import_batch	30	0.1	utf8mb4_unicode_ci
wfm_roster_import_row	100606	41.1	utf8mb4_unicode_ci
wfm_roster_manager_task	0	0.0	utf8mb4_unicode_ci
wfm_roster_notification_log	0	0.0	utf8mb4_unicode_ci
wfm_roster_plan	0	0.1	utf8mb4_unicode_ci
wfm_roster_plan_control	0	0.0	utf8mb4_unicode_ci
wfm_roster_swap_request	0	0.1	utf8mb4_unicode_ci
wfm_rta_exception	0	0.1	utf8mb4_unicode_ci
wfm_shift	0	0.0	NULL
wfm_shift_alias	0	0.0	utf8mb4_unicode_ci
wfm_shift_master	3	0.0	utf8mb4_unicode_ci
wfm_shift_template	23	0.1	utf8mb4_unicode_ci
wfm_slot_requirement	0	0.1	utf8mb4_unicode_ci
work_inbox_item	90555	91.7	utf8mb4_unicode_ci
work_item	181	0.2	utf8mb4_unicode_ci
work_item_audit_log	10	0.0	utf8mb4_unicode_ci
worker_config	17	0.0	utf8mb4_unicode_ci
worker_job_run	11	0.1	utf8mb4_unicode_ci
workforce_mandate	0	0.0	utf8mb4_unicode_ci
workforce_role_catalog	28	0.0	utf8mb4_unicode_ci
workforce_roster_draft	0	0.0	utf8mb4_unicode_ci
zz_backup_ebd_acct_20260809	2060	0.3	utf8mb4_unicode_ci
zz_vpt_due_date_backup_20260827	14154	1.5	utf8mb4_unicode_ci
