table	writer_modules	writer_count
Aadhaar	ats	1
Approved	communication	1
BEFORE	finance	1
CURRENT_TIMESTAMP	_db|ats-assessment|lms|payroll	4
Candidate	job-requisition	1
Mx_UserMst	integrations	1
Planned	job-requisition	1
Rejected	communication	1
Requisition	job-requisition	1
Submitted	communication	1
above	ats|employees|payroll	3
absence_penalty_config	_shared	1
access_requests	access	1
account_control_log	account-control	1
across	exit	1
action_plan	portal	1
actual	compliance	1
adherence_alert	rta	1
affects	payroll-head-review	1
after	employees|roster	2
against	_db|management	2
ai_company_knowledge	ai	1
ai_feedback	ai	1
ai_prompt_audit_log	ai	1
ai_provider_config	ai	1
ai_provider_usage_log	ai	1
ai_rate_limit_bucket	ai	1
alert_cooldown	_shared	1
allowed	payroll	1
always	bulk-upload|it-provisioning	2
another	exit	1
anywhere	_db|ats	2
application	ijp	1
appointment_letter_audit	employees|letters	2
appointment_letter_audit_log	it-provisioning	1
appointment_letter_issue	letters	1
appointment_letter_issue_audit	letters	1
appointment_letter_request	ats|employees|it-provisioning|letters	4
appraisal_cycle	goals	1
appraisal_rating	goals	1
approval_action_log	workflow	1
approval_discard_log	discard	1
approval_request	workflow	1
approval_workflow_master	_db	1
asset	it-provisioning	1
asset_assignment	assets|it-provisioning	2
asset_master	assets|bulk-upload|it-provisioning	3
asset_service_log	assets	1
assignments	wfm	1
ats_assessment_audit_log	ats-assessment	1
ats_assessment_mapping	ats-assessment	1
ats_assessment_response	ats-assessment	1
ats_assessment_template	ats-assessment	1
ats_bgv_check	ats	1
ats_bgv_record	ats-extensions	1
ats_bgv_response	ats-full-parity	1
ats_bgv_verification	ats	1
ats_bgv_verification_details	ats	1
ats_branch_alias_master	ats	1
ats_branch_head_approval	ats	1
ats_candidate	_workers|ats|ats-extensions|ats-full-parity|auth|employees|job-requisition	7
ats_candidate_assessment	ats-assessment	1
ats_candidate_confirmation	ats-full-parity	1
ats_candidate_documents	ats	1
ats_candidate_file	ats	1
ats_candidate_file_access_audit	ats	1
ats_candidate_portal_access	ats	1
ats_candidate_stage_log	ats|ats-full-parity	2
ats_command_audit_log	ats-full-parity	1
ats_command_email_log	ats-full-parity	1
ats_command_sla_event	ats-full-parity	1
ats_daily_branch_report_log	ats-full-parity	1
ats_doc_upload_response	ats-full-parity	1
ats_duplicate_log	ats-extensions	1
ats_employment_offer	ats|employees	2
ats_form_config	ats	1
ats_identity_otp	ats-assessment	1
ats_interview_result	ats	1
ats_interview_submission	ats-full-parity	1
ats_interview_submission_audit	ats-full-parity	1
ats_notification_log	ats	1
ats_offer	ats-extensions	1
ats_offer_approval	ats	1
ats_offer_letters	ats	1
ats_onboarding_bridge	ats|employees	2
ats_onboarding_request	ats	1
ats_onboarding_tasks	ats	1
ats_payroll_hr_validation	ats|payroll-head-review	2
ats_provider_transaction_log	ats|integrations	2
ats_question_bank	ats-assessment	1
ats_queue_token	ats|ats-full-parity	2
ats_recruiter	ats	1
ats_recruiter_assignment_log	ats|ats-full-parity	2
ats_recruiter_device	ats-full-parity	1
ats_recruiter_hiring_activity	ats	1
ats_recruiter_hiring_import_batch	ats	1
ats_recruiter_hiring_import_error	ats	1
ats_recruiter_roster	ats|ats-full-parity	2
ats_sensitive_action_log	ats|ats-full-parity	2
ats_typing_passage_bank	ats-assessment	1
ats_typing_test_attempt	ats-assessment	1
attendance_billing_config	attendance	1
attendance_daily_record	_shared|attendance|leave|payroll|wfm	5
attendance_exception	peopleos	1
attendance_manual_override	attendance	1
attendance_reconciliation_issue	wfm	1
attendance_reconciliation_record	roster|rta	2
attendance_regularization	attendance|discard|wfm	3
attendance_rule_config	wfm	1
attrition_record	wfm-extensions	1
audit_action_log	_shared	1
audit_log	wfm	1
auth_invitation	auth|employees	2
auth_otp_reset	auth	1
auth_password_reset	auth	1
auth_refresh_token	_shared|auth	2
auth_two_factor_challenge	auth	1
auth_user	account-control|auth|employees|it-provisioning|privacy	5
autoVars	email-templates	1
badge	engagement	1
bank_penny_drop_log	employees|payroll	2
based	_workers	1
batch	incentives|it-provisioning|wfm	3
before	uat-pipeline	1
below	finance|payroll|process-pnl	3
benefit_enrollment	benefits	1
benefit_plan	benefits	1
billing_invoice	erp	1
billing_unit	erp	1
biometric_attendance_log	break-management|wfm	2
bmi_manual_input	ats	1
bonus_calculation	compliance	1
brain_teaser	engagement	1
brain_teaser_attempt	engagement	1
branch	ats	1
branch_head_assignments	assets	1
branch_master	bulk-upload|org	2
branch_notification_recipient	it-provisioning	1
branch_payroll_hr_signatory	employees	1
branch_wfm_spoc_config	wfm	1
break_alert_logs	break-management	1
break_audit_logs	break-management	1
break_daily_summary	break-management	1
break_kiosk_devices	break-management	1
break_sessions	break-management	1
break_settings	break-management	1
budget	ai	1
bulk_operation_jobs	portal	1
bulk_upload_locked_entity	bulk-upload	1
business_action_activity_log	business-actions	1
business_action_comment	business-actions	1
business_action_queue	business-actions	1
business_policy_config	policy-engine	1
business_policy_config_history	policy-engine	1
campaign_master	org	1
candidate	ai|ats|employees|job-requisition	4
candidate_bank_verification	ats	1
candidate_bgv_api_request_log	ats	1
candidate_bgv_check	ats|employees|integrations	3
candidate_bgv_consent	ats|employees	2
candidate_bgv_exception	ats	1
candidate_bgv_report	ats|integrations	2
candidate_bgv_vendor_dispatch	ats	1
candidate_bgv_verification_event	ats	1
candidate_digilocker_session	ats|integrations	2
candidate_digilocker_sessions	onboarding	1
candidate_document_access_log	ats	1
candidate_document_reupload_request	ats	1
candidate_face_match	ats	1
candidate_fraud_alert	ats	1
candidate_name_match_detail	ats	1
candidate_name_match_summary	ats	1
candidate_name_override_audit	ats	1
candidate_onboarding_autosave	ats	1
candidate_onboarding_bank_detail	ats|payroll	2
candidate_onboarding_document	ats	1
candidate_onboarding_experience	ats	1
candidate_onboarding_family	ats	1
candidate_onboarding_family_member	ats	1
candidate_onboarding_language	ats	1
candidate_onboarding_nominee	ats	1
candidate_onboarding_otp	ats	1
candidate_onboarding_profile	ats	1
candidate_onboarding_progress	candidate-onboarding	1
candidate_onboarding_qualification	ats	1
candidate_onboarding_readiness	candidate-onboarding	1
candidate_onboarding_section_status	ats	1
candidate_onboarding_sessions	candidate-onboarding	1
candidate_onboarding_submission_log	ats	1
candidate_otp_logs	candidate-onboarding	1
candidate_payroll_review_flags	onboarding	1
cannot	ats	1
canonical	ats-full-parity	1
career_path	career	1
carries	_shared	1
caught	_db	1
chat_funnel_detail	kpi	1
checklist	payroll	1
checkpoint	_workers	1
cheque_name_validation	ats|payroll	2
clause	ats	1
client	portal	1
client_contract_master	process-pnl|revenue-risk	2
client_credit_note	client-billing	1
client_credit_note_line	client-billing	1
client_invoice	client-billing	1
client_invoice_audit_log	client-billing	1
client_invoice_line	client-billing	1
client_invoice_migration_staging	_db	1
client_invoice_number_sequence	client-billing	1
client_invoice_payment_log	finance	1
client_invoice_payment_status	finance	1
client_master	portal	1
client_po_number	client-billing	1
client_po_particular	client-billing	1
client_provision	client-billing	1
client_provision_deduction	client-billing	1
client_user	portal	1
closes	exit	1
coaching_session	management|quality-dashboard	2
column	wfm	1
communication_provider_config	communication	1
communication_template	communication	1
company_event_master	org	1
company_post_comments	engagement	1
company_post_creator_access	engagement	1
company_post_likes	engagement	1
company_post_media	engagement	1
company_posts	engagement	1
company_signing_certificate	letters	1
company_signing_certificate_audit	letters	1
competency	performance-feedback	1
competency_master	performance-feedback	1
consecutives	wfm	1
consent_text_version	privacy	1
const	_workers|auth|compliance	3
contacts	finance	1
contract_master	erp	1
conversion_funnel_event	kpi	1
cosec	it-provisioning	1
cosec_user_sync_queue	integrations	1
cost_centre_approval_log	finance|org	2
cost_centre_contacts	finance	1
cost_centre_master	_scripts|finance|org|process-pnl	4
cost_centre_reward_penalty	process-pnl	1
cost_centre_seat_rate	process-pnl	1
could	exit	1
court_status	ats	1
customization_application_log	customization	1
customization_cache	customization	1
customization_rule	customization	1
cycle	goals|performance-feedback	2
daily_tip	engagement	1
daily_tip_read	engagement	1
daily_trivia_question	engagement	1
daily_trivia_response	engagement	1
daily_word_attempt	engagement	1
daily_word_puzzle	engagement	1
dashboard_metric_snapshot	dashboards	1
dashboard_metric_target	dashboards	1
data_breach_log	privacy	1
data_consent	privacy	1
data_retention_policy	_db|privacy	2
data_rights_request	privacy	1
db_audit	quality-dashboard	1
db_masmis	sales-upload	1
deduction	payroll	1
default	_shared	1
department_master	bulk-upload|org	2
designation_band_matrix	payroll-masters	1
designation_master	bulk-upload|org	2
designation_role_map	access	1
development	performance-feedback	1
development_plan	performance-feedback	1
development_plan_goal	performance-feedback	1
dialer_session_log	integration-hub	1
directly	_db	1
disbursement	payroll	1
dispatch_log	communication	1
dispute	salary-dispute	1
document_access_log	document-vault	1
document_download_token	document-vault	1
document_template_field_map	employees	1
document_vault_inventory	document-vault	1
dpdp_config	privacy	1
dpdp_consent_register	ats	1
dpdp_consent_withdrawal	ats|privacy	2
dpdp_processing_activity_log	ats	1
dpdp_processing_hold	privacy|privacy-engine	2
dpdp_withdrawal_audit_log	privacy	1
dpdp_withdrawal_evidence	privacy	1
dpdp_withdrawal_task	privacy	1
email_funnel_detail	kpi	1
email_queue	salary-dispute	1
email_templates	email-templates	1
employee	goals|it-provisioning|reporting	3
employee_asset_assignment	_shared	1
employee_bank_detail	_workers|employees|onboarding|payroll	4
employee_biometric_enrollment	integrations|it-provisioning|wfm	3
employee_code_generation_log	ats	1
employee_code_sequence	ats|employees	2
employee_cost_centre_allocation	process-pnl	1
employee_daily_login	engagement	1
employee_deduction_entries	bulk-upload|payroll	2
employee_document_access_log	lifecycle	1
employee_document_esign_transaction	_workers|employees|integrations	3
employee_document_vault	employees|letters	2
employee_documents	_db|employees|it-provisioning|lifecycle|payroll	5
employee_education	employees	1
employee_emergency_contact	employees|privacy	2
employee_epf_audit_log	employees	1
employee_epf_compliance_profile	bulk-upload|employees|payroll	3
employee_epf_consent_receipt	employees	1
employee_epf_ecr_readiness	employees|payroll	2
employee_epf_form_instance	employees	1
employee_epf_nominee	employees	1
employee_epf_validation_result	employees	1
employee_experience	employees	1
employee_geofence_alerts	location	1
employee_job_history	mobility	1
employee_joining_document_audit_log	ats|employees	2
employee_joining_document_checklist	ats|employees|integrations|migration	4
employee_joining_document_field_value	employees	1
employee_joining_document_file	employees|integrations	2
employee_joining_document_public_token	employees|integrations	2
employee_joining_document_template	employees|migration	2
employee_joining_esign_kit	employees	1
employee_joining_esign_kit_item	employees	1
employee_journey_log	auth|employees|kpi|lifecycle|mobility	5
employee_lifecycle_event	employees|lifecycle	2
employee_live_location	location	1
employee_loans	payroll	1
employee_lob_assignment	process-pnl	1
employee_location_history	location	1
employee_manager_history	management	1
employee_nominee	employees|privacy	2
employee_payroll_head_review	payroll-head-review	1
employee_payroll_head_review_history	payroll-head-review|salary-revision	2
employee_performance_daily_snapshot	performance-scorecard	1
employee_reactivation_requests	employees	1
employee_reimbursement_claim	payroll	1
employee_roster_preference	it-provisioning|roster|wfm	3
employee_salary_assignment	employees|mobility|payroll|payroll-head-review|salary-change|salary-increment|salary-revision	7
employee_salary_change_log	salary-change	1
employee_salary_date_revision_requests	salary-revision	1
employee_salary_history	payroll	1
employee_salary_snapshot	_workers|employees	2
employee_skill	goals	1
employee_statutory_info	_workers|bulk-upload|employees	3
employee_statutory_override	payroll	1
employee_task	tasks	1
employee_task_checklist	tasks	1
employee_task_comment	tasks	1
employee_tier_status	engagement	1
employee_uan	bulk-upload|payroll	2
employees	_db|_shared|_workers|ats|auth|bulk-upload|employees|exit|it-provisioning|kpi|lifecycle|migration|mobility|privacy|wfm	15
endpoint	ats	1
enforcement	finance	1
engagement_health_snapshot	engagement	1
entirely	finance	1
escalation_matrix_master	governance	1
esign_notification_cooldown	_workers	1
estimated	ats	1
existing	_workers|access|ats|attendance|engagement|it-provisioning|performance-feedback	7
exit_approval_log	exit	1
exit_clearance_task	exit	1
exit_employee_health_snapshot	exit	1
exit_interview_response	exit	1
exit_pass_approvals	assets	1
exit_pass_audit_logs	assets	1
exit_pass_items	assets	1
exit_pass_requests	assets	1
exit_request	exit	1
exit_retention_action	exit	1
expense_categories	expenses	1
expense_claim	erp|expenses	2
expense_policy	erp	1
failed	_db|ats|employees|files|finance|integrations|payroll|process|process-pnl	9
failure	payroll	1
field	ats	1
finance_action_audit_log	finance	1
finance_approval_event	_shared	1
finance_budget_approval_log	process-pnl	1
finance_budget_closure_reopen_request	process-pnl	1
finance_budget_header	process-pnl	1
finance_budget_line	process-pnl	1
finance_budget_line_allocation	process-pnl	1
finance_budget_line_correction	process-pnl	1
finance_budget_line_tax_amendment	_db|process-pnl	2
finance_budget_subhead_closure	process-pnl	1
finance_budget_subhead_status	process-pnl	1
finance_budget_topup_request	process-pnl	1
finance_budget_topup_request_split	process-pnl	1
finance_budget_transfer	process-pnl	1
finance_config	finance	1
finance_cost_centre_grade_driver	process-pnl	1
finance_cost_centre_mapping_history	process-pnl	1
finance_cost_centre_monthly_driver	process-pnl	1
finance_expense_head_master	process-pnl	1
finance_expense_sub_head_master	process-pnl	1
finance_grn_monthly_sequence	finance	1
finance_grn_sequence	finance	1
finance_meter_master	process-pnl	1
finance_meter_reading	process-pnl	1
finance_meter_reconciliation	process-pnl	1
finance_period	process-pnl	1
finance_saved_view	process-pnl	1
fires	ats	1
flipped	_shared	1
full_final_calculation	exit	1
funnel	kpi	1
funnel_daily_snapshot	kpi	1
gamification_badge_master	engagement	1
gamification_points_ledger	engagement	1
gamification_tier_master	engagement	1
generated_letter	letters	1
glide_path_commitment	portal	1
global_event_log	control-tower	1
governance_checklist_log	portal	1
grade_band_master	org	1
gratuity_calculation_audit	exit	1
gratuity_distribution	exit	1
grievance	helpdesk	1
grn_cost_allocation	finance|payroll	2
grn_document	finance	1
grn_document_extraction	finance	1
grn_duplicate_match	finance	1
grn_invoice_component	finance	1
grn_period_allocation	finance	1
grn_request	finance|payroll	2
grn_validation_override	finance	1
grn_validation_result	finance	1
gross	incentives	1
gst_export_batch	gst	1
gst_export_row	gst	1
handler	exit	1
helpdesk_kb_article	helpdesk	1
helpdesk_kb_feedback	helpdesk	1
helpdesk_ticket	helpdesk	1
helpdesk_ticket_comment	helpdesk	1
holiday_cost_centre_mapping	payroll	1
holiday_designation_mapping	payroll	1
holiday_work_approval_log	payroll	1
holiday_work_auto_log	payroll	1
holiday_work_request	payroll	1
holiday_work_request_designation	payroll	1
hrms_launch_bootstrap_log	auth	1
hrms_launch_invite_log	auth	1
ijp_application	ijp	1
ijp_audit_log	ijp	1
ijp_posting	ijp	1
impossible	exit	1
imprest_allocation	finance	1
imprest_allocation_sequence	finance	1
imprest_manager	finance	1
imprest_transaction_ledger	finance	1
inbound_funnel_detail	kpi	1
incentive_approval_log	incentives	1
incentive_approval_step	bulk-upload|incentives	2
incentive_master	incentives	1
incentive_payroll_register	incentives	1
incentive_upload_batch	bulk-upload|incentives	2
incentive_upload_line	bulk-upload|incentives	2
insertion	_lib	1
inside	assets	1
instead	bulk-upload|it-provisioning	2
integration_biometric_daily	integration-hub|wfm	2
integration_call_daily	integration-hub	1
integration_config	external-db|integration-hub|lms|wfm	4
integration_connector_run	integration-hub	1
integration_event_log	_workers|integration-hub|wfm	3
integration_field_map	integration-hub|wfm	2
integration_field_map_suggestion	integration-hub	1
integration_mapping_exception	kpi|performance-ingestion	2
integration_raw_payload	integration-hub	1
integration_schedule	_workers|integration-hub|wfm	3
integration_schema_snapshot	integration-hub	1
integration_sync_run	wfm	1
integration_table_map	integration-hub|wfm	2
intervention	analytics	1
it_provisioning_request	it-provisioning	1
jclr_audit_log	ats	1
jclr_detail	ats	1
jclr_entries	ats	1
job_posting	jobs	1
job_requisition	job-requisition	1
job_requisition_approval_log	job-requisition	1
job_requisition_candidate	job-requisition	1
joining_control_room_snapshot	ats	1
kpi_assignment	kpi	1
kpi_capture_access_token	public	1
kpi_capture_submission	public	1
kpi_daily_actual	kpi|performance-ingestion	2
kpi_data_source_mapping	kpi	1
kpi_employee_assignment	auth|kpi	2
kpi_employee_resolved	kpi	1
kpi_manual_adjustment	kpi	1
kpi_master_config	kpi	1
kpi_metric_master	kpi	1
kpi_process_assignment	portal	1
kpi_process_config	kpi	1
kpi_process_template	kpi	1
kpi_rating_config	kpi	1
kpi_review_action	kpi	1
kpi_role_template	kpi	1
kpi_role_template_metric	kpi	1
kpi_score	_workers|kpi	2
kpi_score_detail	kpi	1
kpi_score_period	kpi	1
kpi_score_summary	kpi	1
kpi_template	kpi	1
kpi_template_metric	kpi	1
kudos_master	engagement	1
kudos_moderation_log	engagement	1
kudos_reaction	engagement	1
kudos_transaction	engagement	1
lands	auth	1
last_run_at	_workers	1
leave	leave	1
leave_approval_log	compliance|discard|leave	3
leave_balance_deduction	leave	1
leave_balance_ledger	_workers|discard|employees|leave|payroll	5
leave_el_accrual_ledger	_workers	1
leave_el_credit_log	_workers	1
leave_holiday_master	leave|payroll	2
leave_request	_workers|bulk-upload|compliance|discard|leave	5
leave_requests	_shared	1
leave_reversal_log	payroll	1
leave_roster_impact	rta	1
leave_type_master	leave	1
legacy_mapping_candidates	legacy	1
legacy_source_table_profile	legacy	1
legacy_sync_checkpoint	_workers	1
legacy_sync_run_log	_workers	1
lms_assessment_scores	lms|lms-integration	2
lms_certification_snapshot	lms	1
lms_employee_mapping	_shared|lms|lms-integration	3
lms_learner_progress	lms-integration	1
lms_learning_progress_snapshot	lms	1
lms_mapping_audit	lms|lms-integration	2
lms_sync_audit	lms-integration	1
lms_sync_audit_log	lms	1
lob_master	bulk-upload|org	2
location_master	org	1
longest	engagement	1
management_commentary	portal	1
management_commentary_reply	portal	1
manager_raised_request	wfm	1
mandate	business-command|finance	2
mandate_seat_history	finance	1
manpower_requisition	ats-extensions	1
manual	payroll	1
mapping	ats-assessment	1
mas_hrms	analytics|workforce-mandate	2
matched	ats|payroll	2
matches	employees	1
maternity	compliance	1
maternity_benefit_record	compliance	1
mcnmeet_meeting	mcnmeet	1
mcnmeet_meeting_audience	mcnmeet	1
mcnmeet_meeting_event	mcnmeet	1
mcnmeet_meeting_invitee	mcnmeet	1
minimum_wage_master	payroll-masters	1
mira_action_audit_log	ai	1
mira_fix_draft	ai	1
mirrors	payroll	1
module_access_control	ats	1
name_match	ats	1
named	_db	1
naming	process	1
next_sequence	finance	1
nominee	employees	1
notification	_services|communication	2
notification_dispatch_claim	communication	1
notification_event_config	communication	1
notification_log	_services|employees	2
notification_preferences	communication	1
offer	ats|employees	2
official_email	employees	1
onboarding	ats	1
onboarding_penny_drop_requests	onboarding	1
org_chart_access_log	org-chart	1
org_chart_data_issue	org-chart	1
org_settings	ats|employees|org	3
outbound_funnel_detail	kpi	1
outcome	ats-full-parity	1
overall	ats	1
overdue	payroll	1
overtime	_middleware	1
page_catalog	access	1
partial	wfm	1
pattern	employees	1
payroll_attendance_conflict_review	payroll	1
payroll_bank_exception	payroll	1
payroll_branch_readiness	payroll	1
payroll_calculation_audit	payroll|payroll-compliance	2
payroll_calendar	payroll	1
payroll_compliance_issue	payroll-compliance	1
payroll_config_flags	payroll	1
payroll_deduction_type	payroll	1
payroll_disbursement	payroll	1
payroll_employee_component_snapshot	payroll-compliance	1
payroll_noc	payroll	1
payroll_readiness_flag	rta	1
payroll_readiness_snapshot	peopleos	1
payroll_recalculation_queue	payroll	1
payroll_register_export_log	payroll|payroll-compliance	2
payroll_validation_log	payroll	1
people_experience_action	engagement|people-experience	2
people_experience_health_snapshot	engagement|people-experience	2
performance_alert	management	1
performance_fact_lineage	performance-ingestion	1
performance_feedback_cycle	performance-feedback	1
performance_feedback_report	performance-feedback	1
performance_feedback_request	performance-dashboard|performance-feedback	2
performance_feedback_response	performance-dashboard|performance-feedback	2
performance_governance_audit	performance-ingestion	1
performance_identity_map	performance-ingestion	1
performance_ingestion_checkpoint	performance-ingestion	1
performance_ingestion_run	performance-ingestion	1
performance_mapping_version	performance-ingestion	1
performance_process_map	performance-ingestion	1
performance_publication_batch	performance-ingestion	1
performance_raw_record	performance-ingestion	1
performance_reconciliation_result	performance-ingestion	1
performance_source_dataset	performance-ingestion	1
performance_validation_result	performance-ingestion	1
personal	ai	1
pf_creation_audit_log	payroll	1
pf_creation_batch	payroll	1
pf_creation_batch_item	payroll	1
pf_establishment_master	payroll	1
pip_checkpoint	career	1
pip_record	career	1
planned	job-requisition	1
planned_	roster	1
pnl_adjustment_journal	process-pnl	1
pnl_allocation_policy	process-pnl	1
pnl_cost_classification_rule	process-pnl	1
pnl_period_signoff	process-pnl	1
pnl_period_snapshot	process-pnl	1
pnl_period_snapshot_row	process-pnl	1
pnl_running_salary_snapshot	process-pnl	1
points	engagement	1
policy_master	org	1
portal	portal	1
portal_access_log	portal	1
portal_data_approval_queue	portal	1
portal_notification	ats|leave	2
portal_otp	portal	1
portal_published_snapshot	portal	1
portal_sessions	lms	1
portal_user_permissions	portal	1
portal_user_sessions	portal	1
posh_complaint	compliance	1
posting	ijp	1
pre_auth_challenge	auth	1
previously	leave	1
privacy_disposal_certificate	_workers	1
privacy_retention_candidate	_workers	1
privacy_retention_run	_workers	1
process	payroll	1
process_billing_rate	process-pnl	1
process_configuration	process	1
process_delivery_actual	process-pnl	1
process_lob_master	process-pnl	1
process_lob_monthly_plan	process-pnl	1
process_master	_shared|bulk-upload|org|process|wfm	5
process_metric_definition	kpi	1
process_monthly_plan	process-pnl	1
process_pnl_cost_component	process-pnl	1
process_quality_target	quality-dashboard	1
process_quality_target_audit	quality-dashboard	1
process_revenue_component	process-pnl	1
process_revenue_daily	revenue-risk	1
process_revenue_rule	process-pnl	1
process_role_billability	process-pnl	1
process_weekoff_capacity	roster	1
process_weekoff_day_rule	wfm	1
procurement_request	erp	1
profile_update_approval	employees|payroll	2
promotion_record	mobility	1
provider	ai	1
pt_slab_master	payroll	1
pulse_response	engagement	1
push_subscriptions	_services|mcnmeet|push	3
qa_audit	quality-dashboard	1
qa_audit_form	quality-dashboard	1
qa_audit_form_parameter	quality-dashboard	1
qa_audit_parameter_score	quality-dashboard	1
quality_audit	performance-feedback	1
query	migration	1
queue	ats	1
quick_poll	engagement	1
quick_poll_vote	engagement	1
raised	_workers	1
raises	_db	1
rather	business-actions	1
recruiter	ats	1
reference	ai	1
reimbursement_claim	benefits	1
report_audit_event	reporting	1
report_download_token	_workers|reporting	2
report_email_delivery	_workers|reporting	2
report_generated_file	_workers|reporting	2
report_identity_source_snapshot	reporting	1
report_request	_workers|reporting	2
report_subscription	_workers	1
report_subscription_run	_workers	1
request	_db|communication|employees|finance	4
requests	finance	1
required	wfm	1
resignation_discussion	exit	1
resignation_discussion_note	exit	1
resolve	ats	1
retention_offer	exit	1
rm_change_requests	employees	1
role_page_access	access	1
rollup	incentives	1
roster_change_log	roster	1
roster_coverage_action	roster	1
roster_daily_assignment	roster	1
roster_decision_audit	roster|wfm	2
roster_generation_run	roster	1
roster_template	roster	1
route	bulk-upload|payroll|wfm	3
rta_roster_sync_log	roster	1
salary	payroll-head-review	1
salary_advance_log	payroll	1
salary_band_master	payroll-masters	1
salary_certificate_request	_db|payroll	2
salary_component_assignments	ats|payroll-head-review|salary-change	3
salary_component_master	payroll	1
salary_cost_centre	_shared	1
salary_dispute	salary-dispute	1
salary_dispute_attachment	salary-dispute	1
salary_dispute_audit	salary-dispute	1
salary_employee_verification	payroll	1
salary_exception_proposal	ats	1
salary_increment_audit_log	salary-increment	1
salary_increment_request	salary-increment	1
salary_package_master	payroll-masters	1
salary_payslip	payroll	1
salary_prep_line	payroll|payroll-compliance|salary-dispute	3
salary_prep_line_adjustment	payroll-compliance	1
salary_prep_line_component	incentives|payroll|payroll-compliance|salary-dispute	4
salary_prep_run	discard|incentives|payroll|payroll-compliance	4
salary_proposal_approval_step	ats	1
salary_register	ats|payroll	2
salary_register_audit_log	ats|payroll	2
salary_run_disbursal	payroll	1
salary_run_manual_tds	payroll	1
salary_slab_master	payroll-masters	1
salary_structure_master	payroll	1
salary_verification_flag	payroll	1
schema	employees	1
schema_migrations	_db	1
security_audit_event	_shared|auth|security	3
sensitive_action_log	_shared|ats|engagement|finance|payroll|payroll-head-review	6
sensitive_data_access_log	payroll-compliance	1
sequence	ats	1
shift	wfm	1
shift_flexibility_config	wfm	1
shrinkage_daily_snapshot	rta	1
single	email-templates	1
skill_master	goals	1
social_feed_post	social-feed	1
social_platform_config	social-feed	1
specific	ats	1
staging	_workers	1
state	wfm	1
statement	inbox	1
statements	_db	1
status	ats|compliance|privacy	3
statutory	ai	1
statutory_config	payroll	1
statutory_config_history	payroll	1
statutory_declaration	ats	1
statutory_declaration_audit_log	ats	1
statutory_filing_record	payroll	1
support	wfm	1
survey_master	engagement	1
survey_question	engagement	1
survey_response	engagement	1
task_escalation_log	governance	1
task_tat_instance	governance|inbox	2
tat_matrix_master	governance	1
tat_task_completions	inbox	1
tax_declaration	payroll|payroll-compliance	2
tax_declaration_form12bb_detail	payroll	1
tds_certificate_part_a	payroll	1
those	_db	1
threw	payroll	1
through	_db	1
timeline	ats-assessment	1
timestamp	_db	1
touches	_db	1
trainee_master	lms	1
training_need	lms-integration|management|performance-feedback|quality-dashboard	4
transfer_record	_db|mobility	2
uat_approval	uat-pipeline	1
uat_approver_delegation	uat-pipeline	1
uat_build_prompt	uat-pipeline	1
uat_build_run	uat-pipeline	1
uat_capability_hit	uat-pipeline	1
uat_checklist_evaluation	uat-pipeline	1
uat_feedback	uat-pipeline	1
uat_feedback_attachment	uat-pipeline	1
uat_feedback_comment	uat-pipeline	1
uat_feedback_event	uat-pipeline	1
uat_job	uat-pipeline	1
uat_llm_call	uat-pipeline	1
uat_release	uat-pipeline	1
uat_retest	uat-pipeline	1
uat_rollback	uat-pipeline	1
uat_static_scan	uat-pipeline	1
upload_batch	bulk-upload|email-templates|it-provisioning	3
upload_batch_row	bulk-upload|email-templates|it-provisioning	3
user_assignment_scope	access	1
user_device_sessions	_shared|auth	2
user_notification_preferences	communication	1
user_page_access	_workers|access|portal	3
user_page_access_audit	_workers|access	2
user_roles	access|auth|employees	3
validation	ats	1
vendor_approval_request	finance	1
vendor_bank_change_request	finance	1
vendor_bank_detail	finance	1
vendor_bank_detail_log	finance	1
vendor_branch_applicability	finance	1
vendor_company_applicability	finance	1
vendor_debit_note	finance	1
vendor_expense_mapping	finance	1
vendor_master	erp	1
vendor_payment_tracking	finance	1
vendor_payment_transaction	finance	1
verification	ats	1
visitor_approval	visitor	1
visitor_badge	visitor	1
visitor_belonging	visitor	1
visitor_check_event	visitor	1
visitor_companion	visitor	1
visitor_consent	visitor	1
visitor_profile	visitor	1
visitor_vehicle	visitor	1
visitor_visit	visitor	1
walkin_queue	jobs	1
week_off_policy_default	roster|wfm	2
week_off_preference	bulk-upload|roster|wfm	3
weekly_roster_cycle	bulk-upload|roster|wfm	3
weekoff_allocation_log	roster	1
weekoff_fairness_score	wfm	1
weekoff_preference_notification	roster	1
wfm_attendance_session	_workers|wfm	2
wfm_break_log	wfm	1
wfm_client_slot_requirement	wfm	1
wfm_coverage_snapshot	wfm-extensions	1
wfm_header_mapping_profile	wfm	1
wfm_process_planning_rule	wfm	1
wfm_rest_override_log	wfm	1
wfm_rest_policy	wfm	1
wfm_roster_acknowledgement	wfm	1
wfm_roster_approval_log	wfm	1
wfm_roster_assignment	bulk-upload|roster|wfm|wfm-extensions	4
wfm_roster_assignment_control	wfm	1
wfm_roster_change_request	wfm	1
wfm_roster_conflict_log	wfm|wfm-extensions	2
wfm_roster_coverage_matrix	wfm	1
wfm_roster_event_log	wfm	1
wfm_roster_import_batch	wfm	1
wfm_roster_import_row	wfm	1
wfm_roster_manager_task	wfm	1
wfm_roster_notification_log	wfm	1
wfm_roster_plan	wfm	1
wfm_roster_plan_control	wfm	1
wfm_roster_swap_request	wfm-extensions	1
wfm_rta_exception	wfm	1
wfm_shift_alias	wfm	1
wfm_shift_master	_db|wfm	2
wfm_shift_template	bulk-upload|roster	2
wfm_slot_requirement	wfm	1
work_inbox_item	_workers|ats|auth|control-tower|inbox|kpi|wfm	7
work_item	_shared|ai|ats|employees|exit|governance|inbox|incentives|privacy|work-inbox	10
work_item_audit_log	ai|inbox|incentives|work-inbox	4
worker_config	_shared	1
worker_job_run	_workers	1
workforce_mandate	business-command|workforce-mandate	2
workforce_roster_draft	peopleos	1
would	ats	1
yields	_db	1
yourself	letters	1
